{
    "DataType": "CustomerData",
    "DataVersion": 0,
    "GameVersion": "0.3.3f15",
    "Dependence": 0.8125,
    "PurchaseableProducts": [
        "sweetexpress20",
        "icecreamcrack",
        "sweetass",
        "deathrhino"
    ],
    "ProductAffinities": [
        1.0,
        0.5995903015136719,
        -0.8023519515991211
    ],
    "TimeSinceLastDealCompleted": 3632,
    "TimeSinceLastDealOffered": 166,
    "OfferedDeals": 37,
    "CompletedDeals": 34,
    "IsContractOffered": true,
    "OfferedContract": {
        "Payment": 230.0,
        "Products": {
            "entries": [
                {
                    "ProductID": "sweetexpress20",
                    "Quality": 1,
                    "Quantity": 1
                }
            ]
        },
        "DeliveryLocationGUID": "40ffadb0-0dfb-408c-a940-f3dd81f04c89",
        "DeliveryWindow": {
            "IsEnabled": true,
            "WindowStartTime": 0,
            "WindowEndTime": 0
        },
        "Expires": true,
        "ExpiresAfter": 1,
        "PickupScheduleIndex": 0,
        "IsCounterOffer": false
    },
    "OfferedContractTime": {
        "elapsedDays": 48,
        "time": 1330
    },
    "TimeSincePlayerApproached": 21149,
    "TimeSinceInstantDealOffered": 65134,
    "HasBeenRecommended": false
}