{
    "DataType": "CustomerData",
    "DataVersion": 0,
    "GameVersion": "0.3.3f15",
    "Dependence": 0.9874999523162842,
    "PurchaseableProducts": [
        "californiathunderfuck",
        "superthunderfuck"
    ],
    "ProductAffinities": [
        1.0,
        0.749590277671814,
        -0.5023519992828369
    ],
    "TimeSinceLastDealCompleted": 228,
    "TimeSinceLastDealOffered": 450,
    "OfferedDeals": 42,
    "CompletedDeals": 38,
    "IsContractOffered": false,
    "OfferedContract": {
        "Payment": 0.0,
        "Products": {
            "entries": []
        },
        "DeliveryLocationGUID": "",
        "DeliveryWindow": {
            "IsEnabled": false,
            "WindowStartTime": 1200,
            "WindowEndTime": 1800
        },
        "Expires": false,
        "ExpiresAfter": 0,
        "PickupScheduleIndex": 0,
        "IsCounterOffer": false
    },
    "OfferedContractTime": {
        "elapsedDays": 61,
        "time": 1330
    },
    "TimeSincePlayerApproached": 42059,
    "TimeSinceInstantDealOffered": 86044,
    "HasBeenRecommended": false
}