{
    "Items": [
        "{\"DataType\":\"CashData\",\"DataVersion\":0,\"GameVersion\":\"0.3.3f15\",\"ID\":\"cash\",\"Quantity\":1,\"CashBalance\":33.0}",
        "{\"DataType\":\"ItemData\",\"DataVersion\":0,\"GameVersion\":\"0.3.3f15\",\"ID\":\"horsesemen\",\"Quantity\":1}",
        "{\"DataType\":\"MethData\",\"DataVersion\":0,\"GameVersion\":\"0.3.3f15\",\"ID\":\"superthunderfuck\",\"Quantity\":2,\"Quality\":\"Poor\",\"PackagingID\":\"baggie\"}",
        "{\"DataType\":\"ItemData\",\"DataVersion\":0,\"GameVersion\":\"0.3.3f15\",\"ID\":\"\",\"Quantity\":0}",
        "{\"DataType\":\"ItemData\",\"DataVersion\":0,\"GameVersion\":\"0.3.3f15\",\"ID\":\"\",\"Quantity\":0}"
    ]
}