{
    "DataType": "CustomerData",
    "DataVersion": 0,
    "GameVersion": "0.3.3f15",
    "Dependence": 1.0,
    "PurchaseableProducts": [
        "sweetass",
        "icecreamcrack"
    ],
    "ProductAffinities": [
        1.0,
        1.0,
        0.24973881244659425
    ],
    "TimeSinceLastDealCompleted": 804,
    "TimeSinceLastDealOffered": 1999,
    "OfferedDeals": 35,
    "CompletedDeals": 37,
    "IsContractOffered": false,
    "OfferedContract": {
        "Payment": 0.0,
        "Products": {
            "entries": []
        },
        "DeliveryLocationGUID": "",
        "DeliveryWindow": {
            "IsEnabled": false,
            "WindowStartTime": 1200,
            "WindowEndTime": 1800
        },
        "Expires": false,
        "ExpiresAfter": 0,
        "PickupScheduleIndex": 0,
        "IsCounterOffer": false
    },
    "OfferedContractTime": {
        "elapsedDays": 43,
        "time": 2015
    },
    "TimeSincePlayerApproached": 1071428,
    "TimeSinceInstantDealOffered": 70121,
    "HasBeenRecommended": false
}