{
    "DataType": "CustomerData",
    "DataVersion": 0,
    "GameVersion": "0.3.3f15",
    "Dependence": 1.0,
    "PurchaseableProducts": [
        "californiathunderfuck"
    ],
    "ProductAffinities": [
        1.0,
        1.0,
        0.24973881244659425
    ],
    "TimeSinceLastDealCompleted": 258,
    "TimeSinceLastDealOffered": 360,
    "OfferedDeals": 51,
    "CompletedDeals": 54,
    "IsContractOffered": false,
    "OfferedContract": {
        "Payment": 0.0,
        "Products": {
            "entries": []
        },
        "DeliveryLocationGUID": "",
        "DeliveryWindow": {
            "IsEnabled": false,
            "WindowStartTime": 1200,
            "WindowEndTime": 1800
        },
        "Expires": false,
        "ExpiresAfter": 0,
        "PickupScheduleIndex": 0,
        "IsCounterOffer": false
    },
    "OfferedContractTime": {
        "elapsedDays": 61,
        "time": 1500
    },
    "TimeSincePlayerApproached": 1095076,
    "TimeSinceInstantDealOffered": 21642,
    "HasBeenRecommended": false
}