{
    "Items": [
        "{\"DataType\":\"CashData\",\"DataVersion\":0,\"GameVersion\":\"0.3.3f15\",\"ID\":\"cash\",\"Quantity\":1,\"CashBalance\":22.0}",
        "{\"DataType\":\"ItemData\",\"DataVersion\":0,\"GameVersion\":\"0.3.3f15\",\"ID\":\"energydrink\",\"Quantity\":2}",
        "{\"DataType\":\"WeedData\",\"DataVersion\":0,\"GameVersion\":\"0.3.3f15\",\"ID\":\"sweetexpress20\",\"Quantity\":1,\"Quality\":\"Premium\",\"PackagingID\":\"baggie\"}",
        "{\"DataType\":\"ItemData\",\"DataVersion\":0,\"GameVersion\":\"0.3.3f15\",\"ID\":\"\",\"Quantity\":0}",
        "{\"DataType\":\"ItemData\",\"DataVersion\":0,\"GameVersion\":\"0.3.3f15\",\"ID\":\"\",\"Quantity\":0}"
    ]
}