{
    "DataType": "CustomerData",
    "DataVersion": 0,
    "GameVersion": "0.3.3f15",
    "Dependence": 0.0,
    "PurchaseableProducts": [
        "sweetexpress20",
        "icecreamcrack",
        "sweetass",
        "deathrhino"
    ],
    "ProductAffinities": [
        0.6573824882507324,
        0.8844335079193115,
        0.09767544269561768
    ],
    "TimeSinceLastDealCompleted": 1074166,
    "TimeSinceLastDealOffered": 1074166,
    "OfferedDeals": 0,
    "CompletedDeals": 0,
    "IsContractOffered": false,
    "OfferedContract": {
        "Payment": 0.0,
        "Products": {
            "entries": []
        },
        "DeliveryLocationGUID": "",
        "DeliveryWindow": {
            "IsEnabled": false,
            "WindowStartTime": 1200,
            "WindowEndTime": 1800
        },
        "Expires": false,
        "ExpiresAfter": 0,
        "PickupScheduleIndex": 0,
        "IsCounterOffer": false
    },
    "OfferedContractTime": {
        "elapsedDays": 0,
        "time": 0
    },
    "TimeSincePlayerApproached": 1074166,
    "TimeSinceInstantDealOffered": 1074166,
    "HasBeenRecommended": false
}