{
    "DataType": "CustomerData",
    "DataVersion": 0,
    "GameVersion": "0.3.3f15",
    "Dependence": 1.0,
    "PurchaseableProducts": [
        "californiathunderfuck"
    ],
    "ProductAffinities": [
        -0.42600688338279726,
        0.8232536315917969,
        0.6501095294952393
    ],
    "TimeSinceLastDealCompleted": 1814,
    "TimeSinceLastDealOffered": 405,
    "OfferedDeals": 35,
    "CompletedDeals": 29,
    "IsContractOffered": false,
    "OfferedContract": {
        "Payment": 0.0,
        "Products": {
            "entries": []
        },
        "DeliveryLocationGUID": "",
        "DeliveryWindow": {
            "IsEnabled": false,
            "WindowStartTime": 1200,
            "WindowEndTime": 1800
        },
        "Expires": false,
        "ExpiresAfter": 0,
        "PickupScheduleIndex": 0,
        "IsCounterOffer": false
    },
    "OfferedContractTime": {
        "elapsedDays": 61,
        "time": 1415
    },
    "TimeSincePlayerApproached": 32045,
    "TimeSinceInstantDealOffered": 1095077,
    "HasBeenRecommended": false
}