{
    "DataType": "CustomerData",
    "DataVersion": 0,
    "GameVersion": "0.3.3f15",
    "Dependence": 0.8125,
    "PurchaseableProducts": [
        "sweetexpress20",
        "icecreamcrack",
        "sweetass",
        "deathrhino"
    ],
    "ProductAffinities": [
        1.0,
        0.5232536196708679,
        0.6501095294952393
    ],
    "TimeSinceLastDealCompleted": 3915,
    "TimeSinceLastDealOffered": 104,
    "OfferedDeals": 22,
    "CompletedDeals": 17,
    "IsContractOffered": true,
    "OfferedContract": {
        "Payment": 365.0,
        "Products": {
            "entries": [
                {
                    "ProductID": "icecreamcrack",
                    "Quality": 2,
                    "Quantity": 3
                }
            ]
        },
        "DeliveryLocationGUID": "99d860e3-4f2c-4fbf-baad-e54d0b28669f",
        "DeliveryWindow": {
            "IsEnabled": true,
            "WindowStartTime": 0,
            "WindowEndTime": 0
        },
        "Expires": true,
        "ExpiresAfter": 1,
        "PickupScheduleIndex": 0,
        "IsCounterOffer": false
    },
    "OfferedContractTime": {
        "elapsedDays": 48,
        "time": 1432
    },
    "TimeSincePlayerApproached": 11135,
    "TimeSinceInstantDealOffered": 1074167,
    "HasBeenRecommended": false
}