{
    "DataType": "CustomerData",
    "DataVersion": 0,
    "GameVersion": "0.3.3f15",
    "Dependence": 0.9375,
    "PurchaseableProducts": [
        "sweetexpress20",
        "icecreamcrack",
        "sweetass"
    ],
    "ProductAffinities": [
        0.6239931583404541,
        0.5232536196708679,
        0.6501095294952393
    ],
    "TimeSinceLastDealCompleted": 2932,
    "TimeSinceLastDealOffered": 1498,
    "OfferedDeals": 14,
    "CompletedDeals": 11,
    "IsContractOffered": false,
    "OfferedContract": {
        "Payment": 0.0,
        "Products": {
            "entries": []
        },
        "DeliveryLocationGUID": "",
        "DeliveryWindow": {
            "IsEnabled": false,
            "WindowStartTime": 1200,
            "WindowEndTime": 1800
        },
        "Expires": false,
        "ExpiresAfter": 0,
        "PickupScheduleIndex": 0,
        "IsCounterOffer": false
    },
    "OfferedContractTime": {
        "elapsedDays": 0,
        "time": 0
    },
    "TimeSincePlayerApproached": 129,
    "TimeSinceInstantDealOffered": 1063161,
    "HasBeenRecommended": false
}