{
    "DataType": "CustomerData",
    "DataVersion": 0,
    "GameVersion": "0.3.3f15",
    "Dependence": 1.0,
    "PurchaseableProducts": [
        "sweetexpress20",
        "icecreamcrack",
        "sweetass"
    ],
    "ProductAffinities": [
        1.0,
        0.5232536196708679,
        0.6501095294952393
    ],
    "TimeSinceLastDealCompleted": 1177,
    "TimeSinceLastDealOffered": 2359,
    "OfferedDeals": 18,
    "CompletedDeals": 17,
    "IsContractOffered": false,
    "OfferedContract": {
        "Payment": 0.0,
        "Products": {
            "entries": []
        },
        "DeliveryLocationGUID": "",
        "DeliveryWindow": {
            "IsEnabled": false,
            "WindowStartTime": 1200,
            "WindowEndTime": 1800
        },
        "Expires": false,
        "ExpiresAfter": 0,
        "PickupScheduleIndex": 0,
        "IsCounterOffer": false
    },
    "OfferedContractTime": {
        "elapsedDays": 43,
        "time": 1415
    },
    "TimeSincePlayerApproached": 8397,
    "TimeSinceInstantDealOffered": 1071429,
    "HasBeenRecommended": false
}