{
    "DataType": "CustomerData",
    "DataVersion": 0,
    "GameVersion": "0.3.3f15",
    "Dependence": 1.0,
    "PurchaseableProducts": [
        "californiathunderfuck"
    ],
    "ProductAffinities": [
        1.0,
        -0.3019999861717224,
        0.7660000324249268
    ],
    "TimeSinceLastDealCompleted": 681,
    "TimeSinceLastDealOffered": 780,
    "OfferedDeals": 35,
    "CompletedDeals": 30,
    "IsContractOffered": false,
    "OfferedContract": {
        "Payment": 0.0,
        "Products": {
            "entries": []
        },
        "DeliveryLocationGUID": "",
        "DeliveryWindow": {
            "IsEnabled": false,
            "WindowStartTime": 1200,
            "WindowEndTime": 1800
        },
        "Expires": false,
        "ExpiresAfter": 0,
        "PickupScheduleIndex": 0,
        "IsCounterOffer": false
    },
    "OfferedContractTime": {
        "elapsedDays": 61,
        "time": 800
    },
    "TimeSincePlayerApproached": 42324,
    "TimeSinceInstantDealOffered": 1095074,
    "HasBeenRecommended": false
}