{
    "DataType": "CustomerData",
    "DataVersion": 0,
    "GameVersion": "0.3.3f15",
    "Dependence": 0.8125,
    "PurchaseableProducts": [
        "sweetexpress20",
        "icecreamcrack",
        "sweetass",
        "deathrhino"
    ],
    "ProductAffinities": [
        1.0,
        -0.3019999861717224,
        0.6159999966621399
    ],
    "TimeSinceLastDealCompleted": 3924,
    "TimeSinceLastDealOffered": 439,
    "OfferedDeals": 22,
    "CompletedDeals": 17,
    "IsContractOffered": true,
    "OfferedContract": {
        "Payment": 365.0,
        "Products": {
            "entries": [
                {
                    "ProductID": "icecreamcrack",
                    "Quality": 2,
                    "Quantity": 3
                }
            ]
        },
        "DeliveryLocationGUID": "84e64355-61b5-4054-a9e1-f562b95e429e",
        "DeliveryWindow": {
            "IsEnabled": true,
            "WindowStartTime": 0,
            "WindowEndTime": 0
        },
        "Expires": true,
        "ExpiresAfter": 1,
        "PickupScheduleIndex": 0,
        "IsCounterOffer": false
    },
    "OfferedContractTime": {
        "elapsedDays": 48,
        "time": 857
    },
    "TimeSincePlayerApproached": 21415,
    "TimeSinceInstantDealOffered": 1074165,
    "HasBeenRecommended": false
}