{
    "DataType": "CustomerData",
    "DataVersion": 0,
    "GameVersion": "0.3.3f15",
    "Dependence": 1.0,
    "PurchaseableProducts": [
        "sweetexpress20",
        "icecreamcrack",
        "sweetass"
    ],
    "ProductAffinities": [
        1.0,
        -0.3019999861717224,
        0.6159999966621399
    ],
    "TimeSinceLastDealCompleted": 1187,
    "TimeSinceLastDealOffered": 10,
    "OfferedDeals": 19,
    "CompletedDeals": 17,
    "IsContractOffered": true,
    "OfferedContract": {
        "Payment": 460.0,
        "Products": {
            "entries": [
                {
                    "ProductID": "sweetexpress20",
                    "Quality": 2,
                    "Quantity": 2
                }
            ]
        },
        "DeliveryLocationGUID": "ed913f7e-ccde-4f03-8958-fa39c9f8e812",
        "DeliveryWindow": {
            "IsEnabled": true,
            "WindowStartTime": 0,
            "WindowEndTime": 0
        },
        "Expires": true,
        "ExpiresAfter": 1,
        "PickupScheduleIndex": 0,
        "IsCounterOffer": false
    },
    "OfferedContractTime": {
        "elapsedDays": 45,
        "time": 800
    },
    "TimeSincePlayerApproached": 18678,
    "TimeSinceInstantDealOffered": 1071428,
    "HasBeenRecommended": false
}