{
    "DataType": "CustomerData",
    "DataVersion": 0,
    "GameVersion": "0.3.3f15",
    "Dependence": 1.0,
    "PurchaseableProducts": [
        "californiathunderfuck"
    ],
    "ProductAffinities": [
        1.0,
        -0.17346006631851197,
        -0.6796560287475586
    ],
    "TimeSinceLastDealCompleted": 315,
    "TimeSinceLastDealOffered": 375,
    "OfferedDeals": 52,
    "CompletedDeals": 49,
    "IsContractOffered": false,
    "OfferedContract": {
        "Payment": 0.0,
        "Products": {
            "entries": []
        },
        "DeliveryLocationGUID": "",
        "DeliveryWindow": {
            "IsEnabled": false,
            "WindowStartTime": 1200,
            "WindowEndTime": 1800
        },
        "Expires": false,
        "ExpiresAfter": 0,
        "PickupScheduleIndex": 0,
        "IsCounterOffer": false
    },
    "OfferedContractTime": {
        "elapsedDays": 61,
        "time": 1445
    },
    "TimeSincePlayerApproached": 26067,
    "TimeSinceInstantDealOffered": 42139,
    "HasBeenRecommended": false
}