{
    "DataType": "CustomerData",
    "DataVersion": 0,
    "GameVersion": "0.3.3f15",
    "Dependence": 1.0,
    "PurchaseableProducts": [
        "sweetexpress20",
        "icecreamcrack",
        "sweetass"
    ],
    "ProductAffinities": [
        1.0,
        -0.32346007227897646,
        -0.6796560287475586
    ],
    "TimeSinceLastDealCompleted": 982,
    "TimeSinceLastDealOffered": 1096,
    "OfferedDeals": 36,
    "CompletedDeals": 35,
    "IsContractOffered": false,
    "OfferedContract": {
        "Payment": 0.0,
        "Products": {
            "entries": []
        },
        "DeliveryLocationGUID": "",
        "DeliveryWindow": {
            "IsEnabled": false,
            "WindowStartTime": 1200,
            "WindowEndTime": 1800
        },
        "Expires": false,
        "ExpiresAfter": 0,
        "PickupScheduleIndex": 0,
        "IsCounterOffer": false
    },
    "OfferedContractTime": {
        "elapsedDays": 44,
        "time": 1445
    },
    "TimeSincePlayerApproached": 2419,
    "TimeSinceInstantDealOffered": 18491,
    "HasBeenRecommended": false
}