{
    "DataType": "CustomerData",
    "DataVersion": 0,
    "GameVersion": "0.3.3f15",
    "Dependence": 1.0,
    "PurchaseableProducts": [
        "sweetexpress20",
        "icecreamcrack",
        "sweetass",
        "deathrhino"
    ],
    "ProductAffinities": [
        1.0,
        -0.17346006631851197,
        -0.6796560287475586
    ],
    "TimeSinceLastDealCompleted": 1364,
    "TimeSinceLastDealOffered": 644,
    "OfferedDeals": 39,
    "CompletedDeals": 36,
    "IsContractOffered": false,
    "OfferedContract": {
        "Payment": 0.0,
        "Products": {
            "entries": []
        },
        "DeliveryLocationGUID": "",
        "DeliveryWindow": {
            "IsEnabled": false,
            "WindowStartTime": 1200,
            "WindowEndTime": 1800
        },
        "Expires": false,
        "ExpiresAfter": 0,
        "PickupScheduleIndex": 0,
        "IsCounterOffer": false
    },
    "OfferedContractTime": {
        "elapsedDays": 47,
        "time": 1637
    },
    "TimeSincePlayerApproached": 5157,
    "TimeSinceInstantDealOffered": 21229,
    "HasBeenRecommended": false
}