{
    "DataType": "CustomerData",
    "DataVersion": 0,
    "GameVersion": "0.3.3f15",
    "Dependence": 1.0,
    "PurchaseableProducts": [
        "icecreamcrack"
    ],
    "ProductAffinities": [
        1.0,
        0.1136346161365509,
        0.7211346626281738
    ],
    "TimeSinceLastDealCompleted": 1424,
    "TimeSinceLastDealOffered": 1426,
    "OfferedDeals": 21,
    "CompletedDeals": 16,
    "IsContractOffered": false,
    "OfferedContract": {
        "Payment": 0.0,
        "Products": {
            "entries": []
        },
        "DeliveryLocationGUID": "",
        "DeliveryWindow": {
            "IsEnabled": false,
            "WindowStartTime": 1200,
            "WindowEndTime": 1800
        },
        "Expires": false,
        "ExpiresAfter": 0,
        "PickupScheduleIndex": 0,
        "IsCounterOffer": false
    },
    "OfferedContractTime": {
        "elapsedDays": 44,
        "time": 915
    },
    "TimeSincePlayerApproached": 1071428,
    "TimeSinceInstantDealOffered": 3867,
    "HasBeenRecommended": false
}