{
    "DataType": "CustomerData",
    "DataVersion": 0,
    "GameVersion": "0.3.3f15",
    "Dependence": 1.0,
    "PurchaseableProducts": [
        "californiathunderfuck"
    ],
    "ProductAffinities": [
        1.0,
        0.1136346161365509,
        0.8711346387863159
    ],
    "TimeSinceLastDealCompleted": 671,
    "TimeSinceLastDealOffered": 705,
    "OfferedDeals": 38,
    "CompletedDeals": 33,
    "IsContractOffered": false,
    "OfferedContract": {
        "Payment": 0.0,
        "Products": {
            "entries": []
        },
        "DeliveryLocationGUID": "",
        "DeliveryWindow": {
            "IsEnabled": false,
            "WindowStartTime": 1200,
            "WindowEndTime": 1800
        },
        "Expires": false,
        "ExpiresAfter": 0,
        "PickupScheduleIndex": 0,
        "IsCounterOffer": false
    },
    "OfferedContractTime": {
        "elapsedDays": 61,
        "time": 915
    },
    "TimeSincePlayerApproached": 1095076,
    "TimeSinceInstantDealOffered": 23034,
    "HasBeenRecommended": false
}