{
    "DataType": "CustomerData",
    "DataVersion": 0,
    "GameVersion": "0.3.3f15",
    "Dependence": 1.0,
    "PurchaseableProducts": [
        "sweetexpress20",
        "icecreamcrack",
        "sweetass"
    ],
    "ProductAffinities": [
        1.0,
        0.31985366344451907,
        0.1664646863937378
    ],
    "TimeSinceLastDealCompleted": 1430,
    "TimeSinceLastDealOffered": 1528,
    "OfferedDeals": 11,
    "CompletedDeals": 10,
    "IsContractOffered": false,
    "OfferedContract": {
        "Payment": 0.0,
        "Products": {
            "entries": []
        },
        "DeliveryLocationGUID": "",
        "DeliveryWindow": {
            "IsEnabled": false,
            "WindowStartTime": 1200,
            "WindowEndTime": 1800
        },
        "Expires": false,
        "ExpiresAfter": 0,
        "PickupScheduleIndex": 0,
        "IsCounterOffer": false
    },
    "OfferedContractTime": {
        "elapsedDays": 0,
        "time": 0
    },
    "TimeSincePlayerApproached": 1063160,
    "TimeSinceInstantDealOffered": 1063160,
    "HasBeenRecommended": false
}