{
    "DataType": "CustomerData",
    "DataVersion": 0,
    "GameVersion": "0.3.3f15",
    "Dependence": 0.8374999761581421,
    "PurchaseableProducts": [
        "californiathunderfuck",
        "superthunderfuck"
    ],
    "ProductAffinities": [
        1.0,
        1.0,
        0.30000001192092898
    ],
    "TimeSinceLastDealCompleted": 1278,
    "TimeSinceLastDealOffered": 10,
    "OfferedDeals": 30,
    "CompletedDeals": 26,
    "IsContractOffered": true,
    "OfferedContract": {
        "Payment": 980.0,
        "Products": {
            "entries": [
                {
                    "ProductID": "californiathunderfuck",
                    "Quality": 1,
                    "Quantity": 1
                }
            ]
        },
        "DeliveryLocationGUID": "38d1c80c-0173-49b6-9701-65bd08219ee6",
        "DeliveryWindow": {
            "IsEnabled": true,
            "WindowStartTime": 0,
            "WindowEndTime": 0
        },
        "Expires": true,
        "ExpiresAfter": 1,
        "PickupScheduleIndex": 0,
        "IsCounterOffer": false
    },
    "OfferedContractTime": {
        "elapsedDays": 61,
        "time": 2050
    },
    "TimeSincePlayerApproached": 69084,
    "TimeSinceInstantDealOffered": 21631,
    "HasBeenRecommended": false
}