{
    "DataType": "CustomerData",
    "DataVersion": 0,
    "GameVersion": "0.3.3f15",
    "Dependence": 1.0,
    "PurchaseableProducts": [
        "icecreamcrack"
    ],
    "ProductAffinities": [
        1.0,
        1.0,
        0.0
    ],
    "TimeSinceLastDealCompleted": 791,
    "TimeSinceLastDealOffered": 3644,
    "OfferedDeals": 23,
    "CompletedDeals": 20,
    "IsContractOffered": false,
    "OfferedContract": {
        "Payment": 0.0,
        "Products": {
            "entries": []
        },
        "DeliveryLocationGUID": "",
        "DeliveryWindow": {
            "IsEnabled": false,
            "WindowStartTime": 1200,
            "WindowEndTime": 1800
        },
        "Expires": false,
        "ExpiresAfter": 0,
        "PickupScheduleIndex": 0,
        "IsCounterOffer": false
    },
    "OfferedContractTime": {
        "elapsedDays": 42,
        "time": 2050
    },
    "TimeSincePlayerApproached": 45436,
    "TimeSinceInstantDealOffered": 44445,
    "HasBeenRecommended": false
}