{
    "DataType": "CustomerData",
    "DataVersion": 0,
    "GameVersion": "0.3.3f15",
    "Dependence": 0.6000000238418579,
    "PurchaseableProducts": [
        "californiathunderfuck",
        "superthunderfuck"
    ],
    "ProductAffinities": [
        0.2575283646583557,
        0.6726412773132324,
        0.8711308240890503
    ],
    "TimeSinceLastDealCompleted": 93,
    "TimeSinceLastDealOffered": 135,
    "OfferedDeals": 7,
    "CompletedDeals": 7,
    "IsContractOffered": false,
    "OfferedContract": {
        "Payment": 0.0,
        "Products": {
            "entries": []
        },
        "DeliveryLocationGUID": "",
        "DeliveryWindow": {
            "IsEnabled": false,
            "WindowStartTime": 1200,
            "WindowEndTime": 1800
        },
        "Expires": false,
        "ExpiresAfter": 0,
        "PickupScheduleIndex": 0,
        "IsCounterOffer": false
    },
    "OfferedContractTime": {
        "elapsedDays": 61,
        "time": 1845
    },
    "TimeSincePlayerApproached": 1095076,
    "TimeSinceInstantDealOffered": 27737,
    "HasBeenRecommended": false
}