{
    "DataType": "CustomerData",
    "DataVersion": 0,
    "GameVersion": "0.3.3f15",
    "Dependence": 0.13750000298023225,
    "PurchaseableProducts": [
        "sweetexpress20",
        "icecreamcrack",
        "sweetass"
    ],
    "ProductAffinities": [
        -0.04247164726257324,
        0.6726412773132324,
        0.42113086581230166
    ],
    "TimeSinceLastDealCompleted": 2063,
    "TimeSinceLastDealOffered": 2089,
    "OfferedDeals": 1,
    "CompletedDeals": 2,
    "IsContractOffered": false,
    "OfferedContract": {
        "Payment": 0.0,
        "Products": {
            "entries": []
        },
        "DeliveryLocationGUID": "",
        "DeliveryWindow": {
            "IsEnabled": false,
            "WindowStartTime": 1200,
            "WindowEndTime": 1800
        },
        "Expires": false,
        "ExpiresAfter": 0,
        "PickupScheduleIndex": 0,
        "IsCounterOffer": false
    },
    "OfferedContractTime": {
        "elapsedDays": 43,
        "time": 1845
    },
    "TimeSincePlayerApproached": 1071428,
    "TimeSinceInstantDealOffered": 4089,
    "HasBeenRecommended": false
}