{
    "Gender": 1,
    "Weight": 0.0,
    "SkinColor": {
        "r": 0.8700000047683716,
        "g": 0.7400000095367432,
        "b": 0.6299999952316284,
        "a": 1.0
    },
    "HairStyle": "Avatar/Hair/SidePartBob/SidePartBob",
    "HairColor": {
        "r": 0.07000000029802323,
        "g": 0.07000000029802323,
        "b": 0.07000000029802323,
        "a": 1.0
    },
    "Mouth": "Avatar/Layers/Face/Face_SmugPout",
    "FacialHair": "",
    "FacialDetails": "",
    "FacialDetailsIntensity": 0.5,
    "EyeballColor": {
        "r": 1.0,
        "g": 1.0,
        "b": 1.0,
        "a": 1.0
    },
    "UpperEyeLidRestingPosition": 0.6161290407180786,
    "LowerEyeLidRestingPosition": 0.49193549156188967,
    "PupilDilation": 0.7935484051704407,
    "EyebrowScale": 1.1837096214294434,
    "EyebrowThickness": 1.3096773624420167,
    "EyebrowRestingHeight": -0.03225809335708618,
    "EyebrowRestingAngle": 6.4838714599609379,
    "Top": "Avatar/Layers/Top/V-Neck",
    "TopColor": {
        "r": 0.23000000417232514,
        "g": 0.23000000417232514,
        "b": 0.23000000417232514,
        "a": 1.0
    },
    "Bottom": "Avatar/Layers/Bottom/CargoPants",
    "BottomColor": {
        "r": 0.23000000417232514,
        "g": 0.23000000417232514,
        "b": 0.23000000417232514,
        "a": 1.0
    },
    "Shoes": "Avatar/Accessories/Feet/Sneakers/Sneakers",
    "ShoesColor": {
        "r": 0.23000000417232514,
        "g": 0.23000000417232514,
        "b": 0.23000000417232514,
        "a": 1.0
    },
    "Headwear": "",
    "HeadwearColor": {
        "r": 1.0,
        "g": 1.0,
        "b": 1.0,
        "a": 1.0
    },
    "Eyewear": "",
    "EyewearColor": {
        "r": 0.0,
        "g": 0.0,
        "b": 0.0,
        "a": 0.0
    },
    "Tattoos": []
}