{
    "Items": [
        "{\"DataType\":\"ItemData\",\"DataVersion\":0,\"GameVersion\":\"0.3.3f15\",\"ID\":\"goldenskateboard\",\"Quantity\":1}",
        "{\"DataType\":\"WeedData\",\"DataVersion\":0,\"GameVersion\":\"0.3.3f15\",\"ID\":\"sweetass\",\"Quantity\":20,\"Quality\":\"Heavenly\",\"PackagingID\":\"baggie\"}",
        "{\"DataType\":\"WeedData\",\"DataVersion\":0,\"GameVersion\":\"0.3.3f15\",\"ID\":\"sweetass\",\"Quantity\":2,\"Quality\":\"Heavenly\",\"PackagingID\":\"baggie\"}",
        "{\"DataType\":\"WeedData\",\"DataVersion\":0,\"GameVersion\":\"0.3.3f15\",\"ID\":\"sweetexpress20\",\"Quantity\":20,\"Quality\":\"Heavenly\",\"PackagingID\":\"baggie\"}",
        "{\"DataType\":\"WeedData\",\"DataVersion\":0,\"GameVersion\":\"0.3.3f15\",\"ID\":\"sweetexpress20\",\"Quantity\":20,\"Quality\":\"Heavenly\",\"PackagingID\":\"baggie\"}",
        "{\"DataType\":\"WeedData\",\"DataVersion\":0,\"GameVersion\":\"0.3.3f15\",\"ID\":\"sweetexpress20\",\"Quantity\":4,\"Quality\":\"Heavenly\",\"PackagingID\":\"baggie\"}",
        "{\"DataType\":\"ItemData\",\"DataVersion\":0,\"GameVersion\":\"0.3.3f15\",\"ID\":\"\",\"Quantity\":0}",
        "{\"DataType\":\"WeedData\",\"DataVersion\":0,\"GameVersion\":\"0.3.3f15\",\"ID\":\"weddingballs\",\"Quantity\":5,\"Quality\":\"Premium\",\"PackagingID\":\"baggie\"}",
        "{\"DataType\":\"CashData\",\"DataVersion\":0,\"GameVersion\":\"0.3.3f15\",\"ID\":\"cash\",\"Quantity\":1,\"CashBalance\":193.5}"
    ]
}