{
    "Items": [
        "{\"DataType\":\"ItemData\",\"DataVersion\":0,\"GameVersion\":\"0.3.3f15\",\"ID\":\"goldenskateboard\",\"Quantity\":1}",
        "{\"DataType\":\"WeedData\",\"DataVersion\":0,\"GameVersion\":\"0.3.3f15\",\"ID\":\"sweetexpress20\",\"Quantity\":20,\"Quality\":\"Heavenly\",\"PackagingID\":\"baggie\"}",
        "{\"DataType\":\"WeedData\",\"DataVersion\":0,\"GameVersion\":\"0.3.3f15\",\"ID\":\"sweetexpress20\",\"Quantity\":20,\"Quality\":\"Heavenly\",\"PackagingID\":\"baggie\"}",
        "{\"DataType\":\"WeedData\",\"DataVersion\":0,\"GameVersion\":\"0.3.3f15\",\"ID\":\"sweetexpress20\",\"Quantity\":8,\"Quality\":\"Heavenly\",\"PackagingID\":\"baggie\"}",
        "{\"DataType\":\"MethData\",\"DataVersion\":0,\"GameVersion\":\"0.3.3f15\",\"ID\":\"deathrhino\",\"Quantity\":10,\"Quality\":\"Poor\",\"PackagingID\":\"baggie\"}",
        "{\"DataType\":\"ItemData\",\"DataVersion\":0,\"GameVersion\":\"0.3.3f15\",\"ID\":\"\",\"Quantity\":0}",
        "{\"DataType\":\"ItemData\",\"DataVersion\":0,\"GameVersion\":\"0.3.3f15\",\"ID\":\"\",\"Quantity\":0}",
        "{\"DataType\":\"ItemData\",\"DataVersion\":0,\"GameVersion\":\"0.3.3f15\",\"ID\":\"\",\"Quantity\":0}",
        "{\"DataType\":\"CashData\",\"DataVersion\":0,\"GameVersion\":\"0.3.3f15\",\"ID\":\"cash\",\"Quantity\":1,\"CashBalance\":13984.6962890625}"
    ]
}