{
    "Gender": 0,
    "Weight": 0.0,
    "SkinColor": {
        "r": 0.9599999785423279,
        "g": 0.8700000047683716,
        "b": 0.7900000214576721,
        "a": 1.0
    },
    "HairStyle": "Avatar/Hair/SidePartBob/SidePartBob",
    "HairColor": {
        "r": 0.28999999165534975,
        "g": 0.5600000023841858,
        "b": 0.75,
        "a": 1.0
    },
    "Mouth": "Avatar/Layers/Face/Face_SmugPout",
    "FacialHair": "Avatar/Layers/Face/FacialHair_Goatee",
    "FacialDetails": "Avatar/Layers/Face/Freckles",
    "FacialDetailsIntensity": 0.4838709533214569,
    "EyeballColor": {
        "r": 1.0,
        "g": 0.8999999761581421,
        "b": 0.8999999761581421,
        "a": 1.0
    },
    "UpperEyeLidRestingPosition": 0.22258064150810243,
    "LowerEyeLidRestingPosition": 0.18387097120285035,
    "PupilDilation": 1.0,
    "EyebrowScale": 1.252258062362671,
    "EyebrowThickness": 1.600000023841858,
    "EyebrowRestingHeight": 0.0,
    "EyebrowRestingAngle": -5.4193549156188969,
    "Top": "Avatar/Layers/Top/T-Shirt",
    "TopColor": {
        "r": 0.17000000178813935,
        "g": 0.20999999344348908,
        "b": 0.4000000059604645,
        "a": 1.0
    },
    "Bottom": "Avatar/Layers/Bottom/Jeans",
    "BottomColor": {
        "r": 0.23000000417232514,
        "g": 0.23000000417232514,
        "b": 0.23000000417232514,
        "a": 1.0
    },
    "Shoes": "Avatar/Accessories/Feet/Sneakers/Sneakers",
    "ShoesColor": {
        "r": 0.47999998927116396,
        "g": 0.3199999928474426,
        "b": 0.2199999988079071,
        "a": 1.0
    },
    "Headwear": "",
    "HeadwearColor": {
        "r": 1.0,
        "g": 1.0,
        "b": 1.0,
        "a": 1.0
    },
    "Eyewear": "",
    "EyewearColor": {
        "r": 0.0,
        "g": 0.0,
        "b": 0.0,
        "a": 0.0
    },
    "Tattoos": []
}