{
    "DataType": "DealerData",
    "DataVersion": 0,
    "GameVersion": "0.3.3f15",
    "ID": "molly_presley",
    "Recruited": true,
    "AssignedCustomerIDs": [
        "jerry_montero",
        "trent_sherman",
        "keith_wagner",
        "joyce_ball",
        "doris_lubbin",
        "mac_cooper",
        "marco_baron",
        "meg_cooley"
    ],
    "ActiveContractGUIDs": [],
    "Cash": 5777.60009765625,
    "OverflowItems": {
        "Items": [
            "{\"DataType\":\"ItemData\",\"DataVersion\":0,\"GameVersion\":\"0.3.3f15\",\"ID\":\"\",\"Quantity\":0}",
            "{\"DataType\":\"ItemData\",\"DataVersion\":0,\"GameVersion\":\"0.3.3f15\",\"ID\":\"\",\"Quantity\":0}",
            "{\"DataType\":\"ItemData\",\"DataVersion\":0,\"GameVersion\":\"0.3.3f15\",\"ID\":\"\",\"Quantity\":0}",
            "{\"DataType\":\"ItemData\",\"DataVersion\":0,\"GameVersion\":\"0.3.3f15\",\"ID\":\"\",\"Quantity\":0}",
            "{\"DataType\":\"ItemData\",\"DataVersion\":0,\"GameVersion\":\"0.3.3f15\",\"ID\":\"\",\"Quantity\":0}",
            "{\"DataType\":\"ItemData\",\"DataVersion\":0,\"GameVersion\":\"0.3.3f15\",\"ID\":\"\",\"Quantity\":0}",
            "{\"DataType\":\"ItemData\",\"DataVersion\":0,\"GameVersion\":\"0.3.3f15\",\"ID\":\"\",\"Quantity\":0}",
            "{\"DataType\":\"ItemData\",\"DataVersion\":0,\"GameVersion\":\"0.3.3f15\",\"ID\":\"\",\"Quantity\":0}",
            "{\"DataType\":\"ItemData\",\"DataVersion\":0,\"GameVersion\":\"0.3.3f15\",\"ID\":\"\",\"Quantity\":0}",
            "{\"DataType\":\"ItemData\",\"DataVersion\":0,\"GameVersion\":\"0.3.3f15\",\"ID\":\"\",\"Quantity\":0}"
        ]
    },
    "HasBeenRecommended": true
}