{
    "DataType": "CustomerData",
    "DataVersion": 0,
    "GameVersion": "0.3.3f15",
    "Dependence": 1.0,
    "PurchaseableProducts": [
        "californiathunderfuck"
    ],
    "ProductAffinities": [
        1.0,
        1.0,
        -0.3399999737739563
    ],
    "TimeSinceLastDealCompleted": 616,
    "TimeSinceLastDealOffered": 690,
    "OfferedDeals": 49,
    "CompletedDeals": 45,
    "IsContractOffered": false,
    "OfferedContract": {
        "Payment": 0.0,
        "Products": {
            "entries": []
        },
        "DeliveryLocationGUID": "",
        "DeliveryWindow": {
            "IsEnabled": false,
            "WindowStartTime": 1200,
            "WindowEndTime": 1800
        },
        "Expires": false,
        "ExpiresAfter": 0,
        "PickupScheduleIndex": 0,
        "IsCounterOffer": false
    },
    "OfferedContractTime": {
        "elapsedDays": 61,
        "time": 930
    },
    "TimeSincePlayerApproached": 1095077,
    "TimeSinceInstantDealOffered": 1095077,
    "HasBeenRecommended": false
}