{
    "DataType": "CustomerData",
    "DataVersion": 0,
    "GameVersion": "0.3.3f15",
    "Dependence": 0.9375,
    "PurchaseableProducts": [
        "icecreamcrack"
    ],
    "ProductAffinities": [
        1.0,
        1.0,
        -0.6399999856948853
    ],
    "TimeSinceLastDealCompleted": 2017,
    "TimeSinceLastDealOffered": 1337,
    "OfferedDeals": 32,
    "CompletedDeals": 28,
    "IsContractOffered": false,
    "OfferedContract": {
        "Payment": 0.0,
        "Products": {
            "entries": []
        },
        "DeliveryLocationGUID": "",
        "DeliveryWindow": {
            "IsEnabled": false,
            "WindowStartTime": 1200,
            "WindowEndTime": 1800
        },
        "Expires": false,
        "ExpiresAfter": 0,
        "PickupScheduleIndex": 0,
        "IsCounterOffer": false
    },
    "OfferedContractTime": {
        "elapsedDays": 44,
        "time": 1044
    },
    "TimeSincePlayerApproached": 1071429,
    "TimeSinceInstantDealOffered": 1071429,
    "HasBeenRecommended": false
}