{
    "DataType": "CustomerData",
    "DataVersion": 0,
    "GameVersion": "0.3.3f15",
    "Dependence": 1.0,
    "PurchaseableProducts": [
        "icecreamcrack"
    ],
    "ProductAffinities": [
        1.0,
        0.36000004410743716,
        0.15000000596046449
    ],
    "TimeSinceLastDealCompleted": 240,
    "TimeSinceLastDealOffered": 341,
    "OfferedDeals": 45,
    "CompletedDeals": 43,
    "IsContractOffered": false,
    "OfferedContract": {
        "Payment": 0.0,
        "Products": {
            "entries": []
        },
        "DeliveryLocationGUID": "",
        "DeliveryWindow": {
            "IsEnabled": false,
            "WindowStartTime": 1200,
            "WindowEndTime": 1800
        },
        "Expires": false,
        "ExpiresAfter": 0,
        "PickupScheduleIndex": 0,
        "IsCounterOffer": false
    },
    "OfferedContractTime": {
        "elapsedDays": 48,
        "time": 1035
    },
    "TimeSincePlayerApproached": 46503,
    "TimeSinceInstantDealOffered": 72927,
    "HasBeenRecommended": false
}