{
    "DataType": "CustomerData",
    "DataVersion": 0,
    "GameVersion": "0.3.3f15",
    "Dependence": 1.0,
    "PurchaseableProducts": [
        "californiathunderfuck"
    ],
    "ProductAffinities": [
        1.0,
        0.36000004410743716,
        0.15000000596046449
    ],
    "TimeSinceLastDealCompleted": 693,
    "TimeSinceLastDealOffered": 749,
    "OfferedDeals": 58,
    "CompletedDeals": 56,
    "IsContractOffered": false,
    "OfferedContract": {
        "Payment": 0.0,
        "Products": {
            "entries": []
        },
        "DeliveryLocationGUID": "",
        "DeliveryWindow": {
            "IsEnabled": false,
            "WindowStartTime": 1200,
            "WindowEndTime": 1800
        },
        "Expires": false,
        "ExpiresAfter": 0,
        "PickupScheduleIndex": 0,
        "IsCounterOffer": false
    },
    "OfferedContractTime": {
        "elapsedDays": 61,
        "time": 830
    },
    "TimeSincePlayerApproached": 67411,
    "TimeSinceInstantDealOffered": 93835,
    "HasBeenRecommended": false
}