{
    "DataType": "CustomerData",
    "DataVersion": 0,
    "GameVersion": "0.3.3f15",
    "Dependence": 1.0,
    "PurchaseableProducts": [
        "sweetass",
        "icecreamcrack"
    ],
    "ProductAffinities": [
        1.0,
        0.36000004410743716,
        0.15000000596046449
    ],
    "TimeSinceLastDealCompleted": 1411,
    "TimeSinceLastDealOffered": 1471,
    "OfferedDeals": 41,
    "CompletedDeals": 39,
    "IsContractOffered": false,
    "OfferedContract": {
        "Payment": 0.0,
        "Products": {
            "entries": []
        },
        "DeliveryLocationGUID": "",
        "DeliveryWindow": {
            "IsEnabled": false,
            "WindowStartTime": 1200,
            "WindowEndTime": 1800
        },
        "Expires": false,
        "ExpiresAfter": 0,
        "PickupScheduleIndex": 0,
        "IsCounterOffer": false
    },
    "OfferedContractTime": {
        "elapsedDays": 44,
        "time": 830
    },
    "TimeSincePlayerApproached": 43766,
    "TimeSinceInstantDealOffered": 70190,
    "HasBeenRecommended": false
}