{
    "DataType": "CustomerData",
    "DataVersion": 0,
    "GameVersion": "0.3.3f15",
    "Dependence": 0.20000000298023225,
    "PurchaseableProducts": [
        "sweetexpress20",
        "icecreamcrack",
        "sweetass"
    ],
    "ProductAffinities": [
        0.23743894696235658,
        -0.6264557838439941,
        0.5707523822784424
    ],
    "TimeSinceLastDealCompleted": 779,
    "TimeSinceLastDealOffered": 826,
    "OfferedDeals": 1,
    "CompletedDeals": 1,
    "IsContractOffered": false,
    "OfferedContract": {
        "Payment": 0.0,
        "Products": {
            "entries": []
        },
        "DeliveryLocationGUID": "",
        "DeliveryWindow": {
            "IsEnabled": false,
            "WindowStartTime": 1200,
            "WindowEndTime": 1800
        },
        "Expires": false,
        "ExpiresAfter": 0,
        "PickupScheduleIndex": 0,
        "IsCounterOffer": false
    },
    "OfferedContractTime": {
        "elapsedDays": 44,
        "time": 1915
    },
    "TimeSincePlayerApproached": 1071428,
    "TimeSinceInstantDealOffered": 1071428,
    "HasBeenRecommended": false
}