{
    "Items": [
        "{\"DataType\":\"WeedData\",\"DataVersion\":0,\"GameVersion\":\"0.3.3f15\",\"ID\":\"sweetass\",\"Quantity\":3,\"Quality\":\"Heavenly\",\"PackagingID\":\"baggie\"}",
        "{\"DataType\":\"WeedData\",\"DataVersion\":0,\"GameVersion\":\"0.3.3f15\",\"ID\":\"icecreamcrack\",\"Quantity\":2,\"Quality\":\"Standard\",\"PackagingID\":\"brick\"}",
        "{\"DataType\":\"WeedData\",\"DataVersion\":0,\"GameVersion\":\"0.3.3f15\",\"ID\":\"icecreamcrack\",\"Quantity\":20,\"Quality\":\"Standard\",\"PackagingID\":\"baggie\"}",
        "{\"DataType\":\"WeedData\",\"DataVersion\":0,\"GameVersion\":\"0.3.3f15\",\"ID\":\"icecreamcrack\",\"Quantity\":20,\"Quality\":\"Standard\",\"PackagingID\":\"baggie\"}",
        "{\"DataType\":\"WeedData\",\"DataVersion\":0,\"GameVersion\":\"0.3.3f15\",\"ID\":\"icecreamcrack\",\"Quantity\":20,\"Quality\":\"Standard\",\"PackagingID\":\"baggie\"}"
    ]
}