{
    "Items": [
        "{\"DataType\":\"ItemData\",\"DataVersion\":0,\"GameVersion\":\"0.3.3f15\",\"ID\":\"\",\"Quantity\":0}",
        "{\"DataType\":\"CocaineData\",\"DataVersion\":0,\"GameVersion\":\"0.3.3f15\",\"ID\":\"californiathunderfuck\",\"Quantity\":17,\"Quality\":\"Premium\",\"PackagingID\":\"baggie\"}",
        "{\"DataType\":\"CocaineData\",\"DataVersion\":0,\"GameVersion\":\"0.3.3f15\",\"ID\":\"californiathunderfuck\",\"Quantity\":20,\"Quality\":\"Premium\",\"PackagingID\":\"baggie\"}",
        "{\"DataType\":\"ItemData\",\"DataVersion\":0,\"GameVersion\":\"0.3.3f15\",\"ID\":\"\",\"Quantity\":0}",
        "{\"DataType\":\"ItemData\",\"DataVersion\":0,\"GameVersion\":\"0.3.3f15\",\"ID\":\"\",\"Quantity\":0}"
    ]
}