{
    "DataType": "CustomerData",
    "DataVersion": 0,
    "GameVersion": "0.3.3f15",
    "Dependence": 0.0,
    "PurchaseableProducts": [
        "californiathunderfuck",
        "superthunderfuck"
    ],
    "ProductAffinities": [
        0.8908476829528809,
        -0.8917253017425537,
        0.6696105003356934
    ],
    "TimeSinceLastDealCompleted": 1095076,
    "TimeSinceLastDealOffered": 1095076,
    "OfferedDeals": 0,
    "CompletedDeals": 0,
    "IsContractOffered": false,
    "OfferedContract": {
        "Payment": 0.0,
        "Products": {
            "entries": []
        },
        "DeliveryLocationGUID": "",
        "DeliveryWindow": {
            "IsEnabled": false,
            "WindowStartTime": 1200,
            "WindowEndTime": 1800
        },
        "Expires": false,
        "ExpiresAfter": 0,
        "PickupScheduleIndex": 0,
        "IsCounterOffer": false
    },
    "OfferedContractTime": {
        "elapsedDays": 0,
        "time": 0
    },
    "TimeSincePlayerApproached": 1095076,
    "TimeSinceInstantDealOffered": 1095076,
    "HasBeenRecommended": false
}