{
    "DataType": "CustomerData",
    "DataVersion": 0,
    "GameVersion": "0.3.3f15",
    "Dependence": 1.0,
    "PurchaseableProducts": [
        "sweetexpress20",
        "bigslime",
        "icecreamcrack"
    ],
    "ProductAffinities": [
        1.0,
        -0.06999996304512024,
        1.0
    ],
    "TimeSinceLastDealCompleted": 1331,
    "TimeSinceLastDealOffered": 1408,
    "OfferedDeals": 30,
    "CompletedDeals": 27,
    "IsContractOffered": false,
    "OfferedContract": {
        "Payment": 0.0,
        "Products": {
            "entries": []
        },
        "DeliveryLocationGUID": "",
        "DeliveryWindow": {
            "IsEnabled": false,
            "WindowStartTime": 1200,
            "WindowEndTime": 1800
        },
        "Expires": false,
        "ExpiresAfter": 0,
        "PickupScheduleIndex": 0,
        "IsCounterOffer": false
    },
    "OfferedContractTime": {
        "elapsedDays": 0,
        "time": 0
    },
    "TimeSincePlayerApproached": 1063160,
    "TimeSinceInstantDealOffered": 59925,
    "HasBeenRecommended": false
}