{
    "DataType": "CustomerData",
    "DataVersion": 0,
    "GameVersion": "0.3.3f15",
    "Dependence": 0.7749999761581421,
    "PurchaseableProducts": [
        "californiathunderfuck",
        "superthunderfuck"
    ],
    "ProductAffinities": [
        1.0,
        0.08000004291534424,
        1.0
    ],
    "TimeSinceLastDealCompleted": 178,
    "TimeSinceLastDealOffered": 315,
    "OfferedDeals": 44,
    "CompletedDeals": 40,
    "IsContractOffered": false,
    "OfferedContract": {
        "Payment": 0.0,
        "Products": {
            "entries": []
        },
        "DeliveryLocationGUID": "",
        "DeliveryWindow": {
            "IsEnabled": false,
            "WindowStartTime": 1200,
            "WindowEndTime": 1800
        },
        "Expires": false,
        "ExpiresAfter": 0,
        "PickupScheduleIndex": 0,
        "IsCounterOffer": false
    },
    "OfferedContractTime": {
        "elapsedDays": 61,
        "time": 1545
    },
    "TimeSincePlayerApproached": 1095076,
    "TimeSinceInstantDealOffered": 91841,
    "HasBeenRecommended": false
}