{
    "DataType": "CustomerData",
    "DataVersion": 0,
    "GameVersion": "0.3.3f15",
    "Dependence": 1.0,
    "PurchaseableProducts": [
        "sweetass",
        "icecreamcrack"
    ],
    "ProductAffinities": [
        1.0,
        -0.06999996304512024,
        1.0
    ],
    "TimeSinceLastDealCompleted": 1007,
    "TimeSinceLastDealOffered": 1036,
    "OfferedDeals": 35,
    "CompletedDeals": 33,
    "IsContractOffered": false,
    "OfferedContract": {
        "Payment": 0.0,
        "Products": {
            "entries": []
        },
        "DeliveryLocationGUID": "",
        "DeliveryWindow": {
            "IsEnabled": false,
            "WindowStartTime": 1200,
            "WindowEndTime": 1800
        },
        "Expires": false,
        "ExpiresAfter": 0,
        "PickupScheduleIndex": 0,
        "IsCounterOffer": false
    },
    "OfferedContractTime": {
        "elapsedDays": 44,
        "time": 1545
    },
    "TimeSincePlayerApproached": 1071428,
    "TimeSinceInstantDealOffered": 68193,
    "HasBeenRecommended": false
}