{
    "DataType": "CustomerData",
    "DataVersion": 0,
    "GameVersion": "0.3.3f15",
    "Dependence": 1.0,
    "PurchaseableProducts": [
        "icecreamcrack"
    ],
    "ProductAffinities": [
        1.0,
        -0.06999996304512024,
        1.0
    ],
    "TimeSinceLastDealCompleted": 1280,
    "TimeSinceLastDealOffered": 31,
    "OfferedDeals": 39,
    "CompletedDeals": 35,
    "IsContractOffered": false,
    "OfferedContract": {
        "Payment": 0.0,
        "Products": {
            "entries": []
        },
        "DeliveryLocationGUID": "",
        "DeliveryWindow": {
            "IsEnabled": false,
            "WindowStartTime": 1200,
            "WindowEndTime": 1800
        },
        "Expires": false,
        "ExpiresAfter": 0,
        "PickupScheduleIndex": 0,
        "IsCounterOffer": false
    },
    "OfferedContractTime": {
        "elapsedDays": 48,
        "time": 1545
    },
    "TimeSincePlayerApproached": 1074166,
    "TimeSinceInstantDealOffered": 70931,
    "HasBeenRecommended": false
}