{
    "DataType": "CustomerData",
    "DataVersion": 0,
    "GameVersion": "0.3.3f15",
    "Dependence": 1.0,
    "PurchaseableProducts": [
        "californiathunderfuck"
    ],
    "ProductAffinities": [
        0.7761296033859253,
        1.0,
        0.46765291690826418
    ],
    "TimeSinceLastDealCompleted": 497,
    "TimeSinceLastDealOffered": 645,
    "OfferedDeals": 32,
    "CompletedDeals": 31,
    "IsContractOffered": false,
    "OfferedContract": {
        "Payment": 0.0,
        "Products": {
            "entries": []
        },
        "DeliveryLocationGUID": "",
        "DeliveryWindow": {
            "IsEnabled": false,
            "WindowStartTime": 1200,
            "WindowEndTime": 1800
        },
        "Expires": false,
        "ExpiresAfter": 0,
        "PickupScheduleIndex": 0,
        "IsCounterOffer": false
    },
    "OfferedContractTime": {
        "elapsedDays": 61,
        "time": 1015
    },
    "TimeSincePlayerApproached": 22665,
    "TimeSinceInstantDealOffered": 1095076,
    "HasBeenRecommended": false
}