{
    "DataType": "CustomerData",
    "DataVersion": 0,
    "GameVersion": "0.3.3f15",
    "Dependence": 1.0,
    "PurchaseableProducts": [
        "sweetexpress20",
        "icecreamcrack",
        "sweetass",
        "deathrhino"
    ],
    "ProductAffinities": [
        1.0,
        0.7623540759086609,
        0.3176529109477997
    ],
    "TimeSinceLastDealCompleted": 1575,
    "TimeSinceLastDealOffered": 361,
    "OfferedDeals": 19,
    "CompletedDeals": 18,
    "IsContractOffered": true,
    "OfferedContract": {
        "Payment": 485.0,
        "Products": {
            "entries": [
                {
                    "ProductID": "sweetexpress20",
                    "Quality": 2,
                    "Quantity": 2
                }
            ]
        },
        "DeliveryLocationGUID": "48c7491e-2e94-4a55-b277-0ed4405e2b73",
        "DeliveryWindow": {
            "IsEnabled": true,
            "WindowStartTime": 0,
            "WindowEndTime": 0
        },
        "Expires": true,
        "ExpiresAfter": 1,
        "PickupScheduleIndex": 0,
        "IsCounterOffer": false
    },
    "OfferedContractTime": {
        "elapsedDays": 48,
        "time": 1015
    },
    "TimeSincePlayerApproached": 1755,
    "TimeSinceInstantDealOffered": 1074166,
    "HasBeenRecommended": false
}