{
    "DataType": "CustomerData",
    "DataVersion": 0,
    "GameVersion": "0.3.3f15",
    "Dependence": 0.800000011920929,
    "PurchaseableProducts": [
        "sweetexpress20",
        "icecreamcrack",
        "sweetass",
        "deathrhino"
    ],
    "ProductAffinities": [
        0.09250935912132263,
        -0.38329994678497317,
        0.2680961787700653
    ],
    "TimeSinceLastDealCompleted": 1994,
    "TimeSinceLastDealOffered": 1254,
    "OfferedDeals": 4,
    "CompletedDeals": 5,
    "IsContractOffered": false,
    "OfferedContract": {
        "Payment": 0.0,
        "Products": {
            "entries": []
        },
        "DeliveryLocationGUID": "",
        "DeliveryWindow": {
            "IsEnabled": false,
            "WindowStartTime": 1200,
            "WindowEndTime": 1800
        },
        "Expires": false,
        "ExpiresAfter": 0,
        "PickupScheduleIndex": 0,
        "IsCounterOffer": false
    },
    "OfferedContractTime": {
        "elapsedDays": 46,
        "time": 1745
    },
    "TimeSincePlayerApproached": 2019,
    "TimeSinceInstantDealOffered": 1074166,
    "HasBeenRecommended": false
}