{
    "Items": [
        "{\"DataType\":\"CashData\",\"DataVersion\":0,\"GameVersion\":\"0.3.3f15\",\"ID\":\"cash\",\"Quantity\":1,\"CashBalance\":38.0}",
        "{\"DataType\":\"CocaineData\",\"DataVersion\":0,\"GameVersion\":\"0.3.3f15\",\"ID\":\"californiathunderfuck\",\"Quantity\":1,\"Quality\":\"Standard\",\"PackagingID\":\"baggie\"}",
        "{\"DataType\":\"ItemData\",\"DataVersion\":0,\"GameVersion\":\"0.3.3f15\",\"ID\":\"\",\"Quantity\":0}",
        "{\"DataType\":\"ItemData\",\"DataVersion\":0,\"GameVersion\":\"0.3.3f15\",\"ID\":\"\",\"Quantity\":0}",
        "{\"DataType\":\"ItemData\",\"DataVersion\":0,\"GameVersion\":\"0.3.3f15\",\"ID\":\"\",\"Quantity\":0}"
    ]
}