{
    "DataType": "CustomerData",
    "DataVersion": 0,
    "GameVersion": "0.3.3f15",
    "Dependence": 1.0,
    "PurchaseableProducts": [
        "deathrhino",
        "icecreamcrack",
        "sweetass"
    ],
    "ProductAffinities": [
        1.0,
        -0.06999997049570084,
        -0.4699999988079071
    ],
    "TimeSinceLastDealCompleted": 1231,
    "TimeSinceLastDealOffered": 591,
    "OfferedDeals": 17,
    "CompletedDeals": 17,
    "IsContractOffered": false,
    "OfferedContract": {
        "Payment": 0.0,
        "Products": {
            "entries": []
        },
        "DeliveryLocationGUID": "",
        "DeliveryWindow": {
            "IsEnabled": false,
            "WindowStartTime": 1200,
            "WindowEndTime": 1800
        },
        "Expires": false,
        "ExpiresAfter": 0,
        "PickupScheduleIndex": 0,
        "IsCounterOffer": false
    },
    "OfferedContractTime": {
        "elapsedDays": 47,
        "time": 1730
    },
    "TimeSincePlayerApproached": 1074166,
    "TimeSinceInstantDealOffered": 1074166,
    "HasBeenRecommended": false
}