{
    "DataType": "CustomerData",
    "DataVersion": 0,
    "GameVersion": "0.3.3f15",
    "Dependence": 1.0,
    "PurchaseableProducts": [
        "icecreamcrack"
    ],
    "ProductAffinities": [
        1.0,
        -0.2788087725639343,
        -0.34890711307525637
    ],
    "TimeSinceLastDealCompleted": 1521,
    "TimeSinceLastDealOffered": 1603,
    "OfferedDeals": 8,
    "CompletedDeals": 7,
    "IsContractOffered": false,
    "OfferedContract": {
        "Payment": 0.0,
        "Products": {
            "entries": []
        },
        "DeliveryLocationGUID": "",
        "DeliveryWindow": {
            "IsEnabled": false,
            "WindowStartTime": 1200,
            "WindowEndTime": 1800
        },
        "Expires": false,
        "ExpiresAfter": 0,
        "PickupScheduleIndex": 0,
        "IsCounterOffer": false
    },
    "OfferedContractTime": {
        "elapsedDays": 0,
        "time": 0
    },
    "TimeSincePlayerApproached": 1063160,
    "TimeSinceInstantDealOffered": 1063160,
    "HasBeenRecommended": false
}