{
    "DataType": "CustomerData",
    "DataVersion": 0,
    "GameVersion": "0.3.3f15",
    "Dependence": 1.0,
    "PurchaseableProducts": [
        "californiathunderfuck"
    ],
    "ProductAffinities": [
        1.0,
        0.02119123935699463,
        0.10109290480613709
    ],
    "TimeSinceLastDealCompleted": 367,
    "TimeSinceLastDealOffered": 510,
    "OfferedDeals": 19,
    "CompletedDeals": 21,
    "IsContractOffered": false,
    "OfferedContract": {
        "Payment": 0.0,
        "Products": {
            "entries": []
        },
        "DeliveryLocationGUID": "",
        "DeliveryWindow": {
            "IsEnabled": false,
            "WindowStartTime": 1200,
            "WindowEndTime": 1800
        },
        "Expires": false,
        "ExpiresAfter": 0,
        "PickupScheduleIndex": 0,
        "IsCounterOffer": false
    },
    "OfferedContractTime": {
        "elapsedDays": 61,
        "time": 1230
    },
    "TimeSincePlayerApproached": 1095076,
    "TimeSinceInstantDealOffered": 27838,
    "HasBeenRecommended": false
}