{
    "DataType": "CustomerData",
    "DataVersion": 0,
    "GameVersion": "0.3.3f15",
    "Dependence": 1.0,
    "PurchaseableProducts": [
        "deathrhino",
        "icecreamcrack",
        "sweetass"
    ],
    "ProductAffinities": [
        1.0,
        0.02119123935699463,
        -0.34890711307525637
    ],
    "TimeSinceLastDealCompleted": 98,
    "TimeSinceLastDealOffered": 156,
    "OfferedDeals": 14,
    "CompletedDeals": 16,
    "IsContractOffered": false,
    "OfferedContract": {
        "Payment": 0.0,
        "Products": {
            "entries": []
        },
        "DeliveryLocationGUID": "",
        "DeliveryWindow": {
            "IsEnabled": false,
            "WindowStartTime": 1200,
            "WindowEndTime": 1800
        },
        "Expires": false,
        "ExpiresAfter": 0,
        "PickupScheduleIndex": 0,
        "IsCounterOffer": false
    },
    "OfferedContractTime": {
        "elapsedDays": 48,
        "time": 1340
    },
    "TimeSincePlayerApproached": 1074166,
    "TimeSinceInstantDealOffered": 6928,
    "HasBeenRecommended": false
}