{
    "DataType": "CustomerData",
    "DataVersion": 0,
    "GameVersion": "0.3.3f15",
    "Dependence": 1.0,
    "PurchaseableProducts": [
        "sweetexpress20",
        "deathrhino",
        "icecreamcrack",
        "sweetass"
    ],
    "ProductAffinities": [
        1.0,
        -0.2788087725639343,
        -0.34890711307525637
    ],
    "TimeSinceLastDealCompleted": 1263,
    "TimeSinceLastDealOffered": 6202,
    "OfferedDeals": 10,
    "CompletedDeals": 12,
    "IsContractOffered": false,
    "OfferedContract": {
        "Payment": 0.0,
        "Products": {
            "entries": []
        },
        "DeliveryLocationGUID": "",
        "DeliveryWindow": {
            "IsEnabled": false,
            "WindowStartTime": 1200,
            "WindowEndTime": 1800
        },
        "Expires": false,
        "ExpiresAfter": 0,
        "PickupScheduleIndex": 0,
        "IsCounterOffer": false
    },
    "OfferedContractTime": {
        "elapsedDays": 41,
        "time": 1230
    },
    "TimeSincePlayerApproached": 1071428,
    "TimeSinceInstantDealOffered": 4190,
    "HasBeenRecommended": false
}