{
    "DataType": "CustomerData",
    "DataVersion": 0,
    "GameVersion": "0.3.3f15",
    "Dependence": 1.0,
    "PurchaseableProducts": [
        "sweetexpress20",
        "deathrhino",
        "icecreamcrack",
        "sweetass"
    ],
    "ProductAffinities": [
        1.0,
        -0.73499995470047,
        -0.3100000023841858
    ],
    "TimeSinceLastDealCompleted": 13,
    "TimeSinceLastDealOffered": 40,
    "OfferedDeals": 19,
    "CompletedDeals": 19,
    "IsContractOffered": false,
    "OfferedContract": {
        "Payment": 0.0,
        "Products": {
            "entries": []
        },
        "DeliveryLocationGUID": "",
        "DeliveryWindow": {
            "IsEnabled": false,
            "WindowStartTime": 1200,
            "WindowEndTime": 1800
        },
        "Expires": false,
        "ExpiresAfter": 0,
        "PickupScheduleIndex": 0,
        "IsCounterOffer": false
    },
    "OfferedContractTime": {
        "elapsedDays": 45,
        "time": 730
    },
    "TimeSincePlayerApproached": 1071428,
    "TimeSinceInstantDealOffered": 1071428,
    "HasBeenRecommended": false
}