{
    "DataType": "CustomerData",
    "DataVersion": 0,
    "GameVersion": "0.3.3f15",
    "Dependence": 0.7749999761581421,
    "PurchaseableProducts": [
        "californiathunderfuck",
        "superthunderfuck"
    ],
    "ProductAffinities": [
        0.75,
        -0.73499995470047,
        -0.009999990463256836
    ],
    "TimeSinceLastDealCompleted": 720,
    "TimeSinceLastDealOffered": 810,
    "OfferedDeals": 27,
    "CompletedDeals": 25,
    "IsContractOffered": false,
    "OfferedContract": {
        "Payment": 0.0,
        "Products": {
            "entries": []
        },
        "DeliveryLocationGUID": "",
        "DeliveryWindow": {
            "IsEnabled": false,
            "WindowStartTime": 1200,
            "WindowEndTime": 1800
        },
        "Expires": false,
        "ExpiresAfter": 0,
        "PickupScheduleIndex": 0,
        "IsCounterOffer": false
    },
    "OfferedContractTime": {
        "elapsedDays": 61,
        "time": 730
    },
    "TimeSincePlayerApproached": 3130,
    "TimeSinceInstantDealOffered": 1095076,
    "HasBeenRecommended": false
}