{
    "DataType": "CustomerData",
    "DataVersion": 0,
    "GameVersion": "0.3.3f15",
    "Dependence": 1.0,
    "PurchaseableProducts": [
        "deathrhino",
        "icecreamcrack",
        "sweetass"
    ],
    "ProductAffinities": [
        NaN,
        -0.73499995470047,
        -0.3100000023841858
    ],
    "TimeSinceLastDealCompleted": 368,
    "TimeSinceLastDealOffered": 431,
    "OfferedDeals": 22,
    "CompletedDeals": 22,
    "IsContractOffered": false,
    "OfferedContract": {
        "Payment": 0.0,
        "Products": {
            "entries": []
        },
        "DeliveryLocationGUID": "",
        "DeliveryWindow": {
            "IsEnabled": false,
            "WindowStartTime": 1200,
            "WindowEndTime": 1800
        },
        "Expires": false,
        "ExpiresAfter": 0,
        "PickupScheduleIndex": 0,
        "IsCounterOffer": false
    },
    "OfferedContractTime": {
        "elapsedDays": 48,
        "time": 905
    },
    "TimeSincePlayerApproached": 1074166,
    "TimeSinceInstantDealOffered": 1074166,
    "HasBeenRecommended": false
}