{
    "Gender": 0,
    "Weight": 0.0,
    "SkinColor": {
        "r": 0.8700000047683716,
        "g": 0.7400000095367432,
        "b": 0.6299999952316284,
        "a": 1.0
    },
    "HairStyle": "Avatar/Hair/Mohawk/Mohawk",
    "HairColor": {
        "r": 0.5400000214576721,
        "g": 0.30000001192092898,
        "b": 0.8100000023841858,
        "a": 1.0
    },
    "Mouth": "Avatar/Layers/Face/Face_Neutral",
    "FacialHair": "Avatar/Layers/Face/FacialHair_Stubble",
    "FacialDetails": "Avatar/Layers/Face/OldPersonWrinkles",
    "FacialDetailsIntensity": 0.6935483813285828,
    "EyeballColor": {
        "r": 1.0,
        "g": 0.8199999928474426,
        "b": 0.8199999928474426,
        "a": 1.0
    },
    "UpperEyeLidRestingPosition": 0.5,
    "LowerEyeLidRestingPosition": 0.5,
    "PupilDilation": 1.0,
    "EyebrowScale": 1.2467741966247559,
    "EyebrowThickness": 1.1838710308074952,
    "EyebrowRestingHeight": 0.12096774578094483,
    "EyebrowRestingAngle": 10.0,
    "Top": "Avatar/Layers/Top/V-Neck",
    "TopColor": {
        "r": 0.17000000178813935,
        "g": 0.20999999344348908,
        "b": 0.4000000059604645,
        "a": 1.0
    },
    "Bottom": "Avatar/Layers/Bottom/CargoPants",
    "BottomColor": {
        "r": 0.23000000417232514,
        "g": 0.23000000417232514,
        "b": 0.23000000417232514,
        "a": 1.0
    },
    "Shoes": "Avatar/Accessories/Feet/Sneakers/Sneakers",
    "ShoesColor": {
        "r": 1.0,
        "g": 1.0,
        "b": 1.0,
        "a": 1.0
    },
    "Headwear": "",
    "HeadwearColor": {
        "r": 1.0,
        "g": 1.0,
        "b": 1.0,
        "a": 1.0
    },
    "Eyewear": "",
    "EyewearColor": {
        "r": 0.0,
        "g": 0.0,
        "b": 0.0,
        "a": 0.0
    },
    "Tattoos": [
        "Avatar/Layers/Tattoos/Face/Face_Tribal",
        "Avatar/Layers/Tattoos/Chest/Chest_Bird",
        "Avatar/Layers/Tattoos/LeftArm/LeftArm_Weed",
        "Avatar/Layers/Tattoos/RightArm/RightArm_Alien"
    ]
}