{
    "Items": [
        "{\"DataType\":\"ClothingData\",\"DataVersion\":0,\"GameVersion\":\"0.3.3f15\",\"ID\":\"sneakers\",\"Quantity\":1,\"Color\":0}",
        "{\"DataType\":\"ClothingData\",\"DataVersion\":0,\"GameVersion\":\"0.3.3f15\",\"ID\":\"cargopants\",\"Quantity\":1,\"Color\":3}",
        "{\"DataType\":\"ClothingData\",\"DataVersion\":0,\"GameVersion\":\"0.3.3f15\",\"ID\":\"belt\",\"Quantity\":1,\"Color\":13}",
        "{\"DataType\":\"ClothingData\",\"DataVersion\":0,\"GameVersion\":\"0.3.3f15\",\"ID\":\"vneck\",\"Quantity\":1,\"Color\":21}",
        "{\"DataType\":\"ClothingData\",\"DataVersion\":0,\"GameVersion\":\"0.3.3f15\",\"ID\":\"vest\",\"Quantity\":1,\"Color\":17}",
        "{\"DataType\":\"ItemData\",\"DataVersion\":0,\"GameVersion\":\"0.3.3f15\",\"ID\":\"\",\"Quantity\":0}",
        "{\"DataType\":\"ItemData\",\"DataVersion\":0,\"GameVersion\":\"0.3.3f15\",\"ID\":\"\",\"Quantity\":0}",
        "{\"DataType\":\"ClothingData\",\"DataVersion\":0,\"GameVersion\":\"0.3.3f15\",\"ID\":\"speeddealershades\",\"Quantity\":1,\"Color\":13}",
        "{\"DataType\":\"ItemData\",\"DataVersion\":0,\"GameVersion\":\"0.3.3f15\",\"ID\":\"\",\"Quantity\":0}",
        "{\"DataType\":\"ItemData\",\"DataVersion\":0,\"GameVersion\":\"0.3.3f15\",\"ID\":\"\",\"Quantity\":0}"
    ]
}