{
    "Items": [
        "{\"DataType\":\"ClothingData\",\"DataVersion\":0,\"GameVersion\":\"0.3.3f15\",\"ID\":\"sneakers\",\"Quantity\":1,\"Color\":6}",
        "{\"DataType\":\"ClothingData\",\"DataVersion\":0,\"GameVersion\":\"0.3.3f15\",\"ID\":\"jorts\",\"Quantity\":1,\"Color\":7}",
        "{\"DataType\":\"ItemData\",\"DataVersion\":0,\"GameVersion\":\"0.3.3f15\",\"ID\":\"\",\"Quantity\":0}",
        "{\"DataType\":\"ClothingData\",\"DataVersion\":0,\"GameVersion\":\"0.3.3f15\",\"ID\":\"tshirt\",\"Quantity\":1,\"Color\":6}",
        "{\"DataType\":\"ItemData\",\"DataVersion\":0,\"GameVersion\":\"0.3.3f15\",\"ID\":\"\",\"Quantity\":0}",
        "{\"DataType\":\"ItemData\",\"DataVersion\":0,\"GameVersion\":\"0.3.3f15\",\"ID\":\"\",\"Quantity\":0}",
        "{\"DataType\":\"ItemData\",\"DataVersion\":0,\"GameVersion\":\"0.3.3f15\",\"ID\":\"\",\"Quantity\":0}",
        "{\"DataType\":\"ItemData\",\"DataVersion\":0,\"GameVersion\":\"0.3.3f15\",\"ID\":\"\",\"Quantity\":0}",
        "{\"DataType\":\"ItemData\",\"DataVersion\":0,\"GameVersion\":\"0.3.3f15\",\"ID\":\"\",\"Quantity\":0}",
        "{\"DataType\":\"ItemData\",\"DataVersion\":0,\"GameVersion\":\"0.3.3f15\",\"ID\":\"\",\"Quantity\":0}"
    ]
}