{
    "DataType": "CustomerData",
    "DataVersion": 0,
    "GameVersion": "0.3.3f15",
    "Dependence": 1.0,
    "PurchaseableProducts": [
        "sweetexpress20",
        "icecreamcrack",
        "sweetass",
        "deathrhino"
    ],
    "ProductAffinities": [
        1.0,
        1.0,
        0.7400000095367432
    ],
    "TimeSinceLastDealCompleted": 1493,
    "TimeSinceLastDealOffered": 293,
    "OfferedDeals": 42,
    "CompletedDeals": 39,
    "IsContractOffered": true,
    "OfferedContract": {
        "Payment": 365.0,
        "Products": {
            "entries": [
                {
                    "ProductID": "icecreamcrack",
                    "Quality": 1,
                    "Quantity": 3
                }
            ]
        },
        "DeliveryLocationGUID": "40ffadb0-0dfb-408c-a940-f3dd81f04c89",
        "DeliveryWindow": {
            "IsEnabled": true,
            "WindowStartTime": 0,
            "WindowEndTime": 0
        },
        "Expires": true,
        "ExpiresAfter": 1,
        "PickupScheduleIndex": 0,
        "IsCounterOffer": false
    },
    "OfferedContractTime": {
        "elapsedDays": 48,
        "time": 1123
    },
    "TimeSincePlayerApproached": 31300,
    "TimeSinceInstantDealOffered": 72554,
    "HasBeenRecommended": false
}