{
    "DataType": "CustomerData",
    "DataVersion": 0,
    "GameVersion": "0.3.3f15",
    "Dependence": 0.8999999761581421,
    "PurchaseableProducts": [
        "californiathunderfuck"
    ],
    "ProductAffinities": [
        1.0,
        1.0,
        1.0
    ],
    "TimeSinceLastDealCompleted": 1942,
    "TimeSinceLastDealOffered": 600,
    "OfferedDeals": 47,
    "CompletedDeals": 44,
    "IsContractOffered": false,
    "OfferedContract": {
        "Payment": 0.0,
        "Products": {
            "entries": []
        },
        "DeliveryLocationGUID": "",
        "DeliveryWindow": {
            "IsEnabled": false,
            "WindowStartTime": 1200,
            "WindowEndTime": 1800
        },
        "Expires": false,
        "ExpiresAfter": 0,
        "PickupScheduleIndex": 0,
        "IsCounterOffer": false
    },
    "OfferedContractTime": {
        "elapsedDays": 61,
        "time": 1100
    },
    "TimeSincePlayerApproached": 20323,
    "TimeSinceInstantDealOffered": 93464,
    "HasBeenRecommended": false
}