{
    "Items": [
        "{\"DataType\":\"CashData\",\"DataVersion\":0,\"GameVersion\":\"0.3.3f15\",\"ID\":\"cash\",\"Quantity\":1,\"CashBalance\":45.0}",
        "{\"DataType\":\"ItemData\",\"DataVersion\":0,\"GameVersion\":\"0.3.3f15\",\"ID\":\"viagra\",\"Quantity\":2}",
        "{\"DataType\":\"ItemData\",\"DataVersion\":0,\"GameVersion\":\"0.3.3f15\",\"ID\":\"\",\"Quantity\":0}",
        "{\"DataType\":\"ItemData\",\"DataVersion\":0,\"GameVersion\":\"0.3.3f15\",\"ID\":\"\",\"Quantity\":0}",
        "{\"DataType\":\"ItemData\",\"DataVersion\":0,\"GameVersion\":\"0.3.3f15\",\"ID\":\"\",\"Quantity\":0}"
    ]
}