{
    "DataType": "CustomerData",
    "DataVersion": 0,
    "GameVersion": "0.3.3f15",
    "Dependence": 1.0,
    "PurchaseableProducts": [
        "californiathunderfuck"
    ],
    "ProductAffinities": [
        1.0,
        -0.8600000143051148,
        0.9599999189376831
    ],
    "TimeSinceLastDealCompleted": 112,
    "TimeSinceLastDealOffered": 130,
    "OfferedDeals": 8,
    "CompletedDeals": 10,
    "IsContractOffered": false,
    "OfferedContract": {
        "Payment": 0.0,
        "Products": {
            "entries": []
        },
        "DeliveryLocationGUID": "",
        "DeliveryWindow": {
            "IsEnabled": false,
            "WindowStartTime": 1200,
            "WindowEndTime": 1800
        },
        "Expires": false,
        "ExpiresAfter": 0,
        "PickupScheduleIndex": 0,
        "IsCounterOffer": false
    },
    "OfferedContractTime": {
        "elapsedDays": 61,
        "time": 1850
    },
    "TimeSincePlayerApproached": 17261,
    "TimeSinceInstantDealOffered": 1095076,
    "HasBeenRecommended": false
}