{
    "DataType": "WeedProductData",
    "DataVersion": 0,
    "GameVersion": "0.3.3f15",
    "Name": "Afghan Cookies",
    "ID": "afghancookies",
    "DrugType": 0,
    "Properties": [
        "calming",
        "toxic",
        "slippery",
        "foggy",
        "brighteyed",
        "tropicthunder",
        "glowie"
    ],
    "AppearanceSettings": {
        "MainColor": {
            "r": 114,
            "g": 116,
            "b": 82,
            "a": 255
        },
        "SecondaryColor": {
            "r": 142,
            "g": 144,
            "b": 88,
            "a": 255
        },
        "LeafColor": {
            "r": 128,
            "g": 130,
            "b": 85,
            "a": 255
        },
        "StemColor": {
            "r": 91,
            "g": 92,
            "b": 65,
            "a": 255
        }
    }
}