{
    "DataType": "WeedProductData",
    "DataVersion": 0,
    "GameVersion": "0.3.3f15",
    "Name": "Aspen Express",
    "ID": "aspenexpress",
    "DrugType": 0,
    "Properties": [
        "paranoia",
        "munchies",
        "energizing",
        "balding",
        "athletic",
        "brighteyed",
        "zombifying"
    ],
    "AppearanceSettings": {
        "MainColor": {
            "r": 106,
            "g": 101,
            "b": 72,
            "a": 255
        },
        "SecondaryColor": {
            "r": 135,
            "g": 116,
            "b": 85,
            "a": 255
        },
        "LeafColor": {
            "r": 120,
            "g": 108,
            "b": 78,
            "a": 255
        },
        "StemColor": {
            "r": 84,
            "g": 80,
            "b": 57,
            "a": 255
        }
    }
}