{
    "DataType": "WeedProductData",
    "DataVersion": 0,
    "GameVersion": "0.3.3f15",
    "Name": "Aspen Smegma",
    "ID": "aspensmegma",
    "DrugType": 0,
    "Properties": [
        "energizing",
        "sedating"
    ],
    "AppearanceSettings": {
        "MainColor": {
            "r": 109,
            "g": 146,
            "b": 81,
            "a": 255
        },
        "SecondaryColor": {
            "r": 116,
            "g": 134,
            "b": 100,
            "a": 255
        },
        "LeafColor": {
            "r": 112,
            "g": 140,
            "b": 90,
            "a": 255
        },
        "StemColor": {
            "r": 87,
            "g": 116,
            "b": 64,
            "a": 255
        }
    }
}