{
    "DataType": "WeedProductData",
    "DataVersion": 0,
    "GameVersion": "0.3.3f15",
    "Name": "Aspen Assblaster",
    "ID": "aspenassblaster",
    "DrugType": 0,
    "Properties": [
        "energizing",
        "caloriedense",
        "electrifying",
        "giraffying"
    ],
    "AppearanceSettings": {
        "MainColor": {
            "r": 109,
            "g": 146,
            "b": 81,
            "a": 255
        },
        "SecondaryColor": {
            "r": 153,
            "g": 149,
            "b": 118,
            "a": 255
        },
        "LeafColor": {
            "r": 131,
            "g": 147,
            "b": 99,
            "a": 255
        },
        "StemColor": {
            "r": 87,
            "g": 116,
            "b": 64,
            "a": 255
        }
    }
}