{
    "DataType": "WeedProductData",
    "DataVersion": 0,
    "GameVersion": "0.3.3f15",
    "Name": "Banana Puke",
    "ID": "bananapuke",
    "DrugType": 0,
    "Properties": [
        "paranoia",
        "sneaky",
        "caloriedense",
        "athletic",
        "giraffying"
    ],
    "AppearanceSettings": {
        "MainColor": {
            "r": 106,
            "g": 99,
            "b": 78,
            "a": 255
        },
        "SecondaryColor": {
            "r": 162,
            "g": 117,
            "b": 122,
            "a": 255
        },
        "LeafColor": {
            "r": 134,
            "g": 108,
            "b": 100,
            "a": 255
        },
        "StemColor": {
            "r": 84,
            "g": 79,
            "b": 62,
            "a": 255
        }
    }
}