{
    "DataType": "WeedProductData",
    "DataVersion": 0,
    "GameVersion": "0.3.3f15",
    "Name": "Banana Diesel",
    "ID": "bananadiesel",
    "DrugType": 0,
    "Properties": [
        "Euphoric",
        "toxic",
        "brighteyed"
    ],
    "AppearanceSettings": {
        "MainColor": {
            "r": 114,
            "g": 120,
            "b": 77,
            "a": 255
        },
        "SecondaryColor": {
            "r": 142,
            "g": 149,
            "b": 81,
            "a": 255
        },
        "LeafColor": {
            "r": 128,
            "g": 134,
            "b": 79,
            "a": 255
        },
        "StemColor": {
            "r": 91,
            "g": 96,
            "b": 61,
            "a": 255
        }
    }
}