{
    "DataType": "CocaineProductData",
    "DataVersion": 0,
    "GameVersion": "0.3.3f15",
    "Name": "Banana McLovin",
    "ID": "bananamclovin",
    "DrugType": 2,
    "Properties": [
        "calming",
        "energizing",
        "brighteyed",
        "tropicthunder",
        "antigravity",
        "zombifying"
    ],
    "AppearanceSettings": {
        "MainColor": {
            "r": 255,
            "g": 249,
            "b": 242,
            "a": 255
        },
        "SecondaryColor": {
            "r": 234,
            "g": 245,
            "b": 205,
            "a": 255
        }
    }
}