{
    "DataType": "WeedProductData",
    "DataVersion": 0,
    "GameVersion": "0.3.3f15",
    "Name": "Big Dick",
    "ID": "bigdick",
    "DrugType": 0,
    "Properties": [
        "toxic",
        "sneaky",
        "sedating",
        "balding",
        "slippery",
        "brighteyed",
        "tropicthunder"
    ],
    "AppearanceSettings": {
        "MainColor": {
            "r": 91,
            "g": 116,
            "b": 63,
            "a": 255
        },
        "SecondaryColor": {
            "r": 115,
            "g": 127,
            "b": 82,
            "a": 255
        },
        "LeafColor": {
            "r": 103,
            "g": 121,
            "b": 72,
            "a": 255
        },
        "StemColor": {
            "r": 72,
            "g": 92,
            "b": 50,
            "a": 255
        }
    }
}