{
    "DataType": "WeedProductData",
    "DataVersion": 0,
    "GameVersion": "0.3.3f15",
    "Name": "Big Grool",
    "ID": "biggrool",
    "DrugType": 0,
    "Properties": [
        "calming",
        "caloriedense",
        "slippery",
        "spicy",
        "tropicthunder"
    ],
    "AppearanceSettings": {
        "MainColor": {
            "r": 114,
            "g": 116,
            "b": 82,
            "a": 255
        },
        "SecondaryColor": {
            "r": 174,
            "g": 140,
            "b": 128,
            "a": 255
        },
        "LeafColor": {
            "r": 144,
            "g": 128,
            "b": 105,
            "a": 255
        },
        "StemColor": {
            "r": 91,
            "g": 92,
            "b": 65,
            "a": 255
        }
    }
}