{
    "DataType": "MethProductData",
    "DataVersion": 0,
    "GameVersion": "0.3.3f15",
    "Name": "Big Slime",
    "ID": "bigslime",
    "DrugType": 1,
    "Properties": [
        "refreshing",
        "sneaky",
        "slippery",
        "spicy",
        "brighteyed",
        "jennerising",
        "tropicthunder",
        "giraffying"
    ],
    "AppearanceSettings": {
        "MainColor": {
            "r": 239,
            "g": 255,
            "b": 234,
            "a": 255
        },
        "SecondaryColor": {
            "r": 213,
            "g": 228,
            "b": 208,
            "a": 255
        }
    }
}