{
    "DataType": "WeedProductData",
    "DataVersion": 0,
    "GameVersion": "0.3.3f15",
    "Name": "Bio Queef",
    "ID": "bioqueef",
    "DrugType": 0,
    "Properties": [
        "calming",
        "sneaky",
        "athletic",
        "tropicthunder",
        "cyclopean"
    ],
    "AppearanceSettings": {
        "MainColor": {
            "r": 114,
            "g": 116,
            "b": 82,
            "a": 255
        },
        "SecondaryColor": {
            "r": 147,
            "g": 138,
            "b": 103,
            "a": 255
        },
        "LeafColor": {
            "r": 130,
            "g": 127,
            "b": 92,
            "a": 255
        },
        "StemColor": {
            "r": 91,
            "g": 92,
            "b": 65,
            "a": 255
        }
    }
}