{
    "DataType": "WeedProductData",
    "DataVersion": 0,
    "GameVersion": "0.3.3f15",
    "Name": "California Cookies",
    "ID": "californiacookies",
    "DrugType": 0,
    "Properties": [
        "refreshing",
        "sedating"
    ],
    "AppearanceSettings": {
        "MainColor": {
            "r": 103,
            "g": 123,
            "b": 82,
            "a": 255
        },
        "SecondaryColor": {
            "r": 121,
            "g": 134,
            "b": 109,
            "a": 255
        },
        "LeafColor": {
            "r": 112,
            "g": 128,
            "b": 95,
            "a": 255
        },
        "StemColor": {
            "r": 82,
            "g": 98,
            "b": 65,
            "a": 255
        }
    }
}