{
    "DataType": "CocaineProductData",
    "DataVersion": 0,
    "GameVersion": "0.3.3f15",
    "Name": "California Thunderfuck",
    "ID": "californiathunderfuck",
    "DrugType": 2,
    "Properties": [
        "foggy",
        "brighteyed",
        "tropicthunder",
        "glowie",
        "giraffying",
        "antigravity",
        "cyclopean",
        "zombifying"
    ],
    "AppearanceSettings": {
        "MainColor": {
            "r": 224,
            "g": 224,
            "b": 224,
            "a": 255
        },
        "SecondaryColor": {
            "r": 174,
            "g": 212,
            "b": 156,
            "a": 255
        }
    }
}