{
    "DataType": "MethProductData",
    "DataVersion": 0,
    "GameVersion": "0.3.3f15",
    "Name": "Dark Rhino",
    "ID": "darkrhino",
    "DrugType": 1,
    "Properties": [
        "caloriedense",
        "slippery",
        "spicy",
        "tropicthunder"
    ],
    "AppearanceSettings": {
        "MainColor": {
            "r": 255,
            "g": 205,
            "b": 251,
            "a": 255
        },
        "SecondaryColor": {
            "r": 226,
            "g": 208,
            "b": 252,
            "a": 255
        }
    }
}