{
    "DataType": "MethProductData",
    "DataVersion": 0,
    "GameVersion": "0.3.3f15",
    "Name": "Death Rhino",
    "ID": "deathrhino",
    "DrugType": 1,
    "Properties": [
        "sedating",
        "jennerising",
        "tropicthunder",
        "giraffying"
    ],
    "AppearanceSettings": {
        "MainColor": {
            "r": 180,
            "g": 177,
            "b": 214,
            "a": 255
        },
        "SecondaryColor": {
            "r": 180,
            "g": 138,
            "b": 140,
            "a": 255
        }
    }
}