{
    "DataType": "WeedProductData",
    "DataVersion": 0,
    "GameVersion": "0.3.3f15",
    "Name": "Dream Fruit",
    "ID": "dreamfruit",
    "DrugType": 0,
    "Properties": [
        "munchies",
        "Euphoric",
        "energizing",
        "sedating",
        "brighteyed"
    ],
    "AppearanceSettings": {
        "MainColor": {
            "r": 114,
            "g": 120,
            "b": 77,
            "a": 255
        },
        "SecondaryColor": {
            "r": 141,
            "g": 130,
            "b": 84,
            "a": 255
        },
        "LeafColor": {
            "r": 127,
            "g": 125,
            "b": 80,
            "a": 255
        },
        "StemColor": {
            "r": 91,
            "g": 96,
            "b": 61,
            "a": 255
        }
    }
}