{
    "DataType": "WeedProductData",
    "DataVersion": 0,
    "GameVersion": "0.3.3f15",
    "Name": "Dream Monkey",
    "ID": "dreammonkey",
    "DrugType": 0,
    "Properties": [
        "munchies",
        "toxic",
        "foggy",
        "spicy",
        "tropicthunder"
    ],
    "AppearanceSettings": {
        "MainColor": {
            "r": 106,
            "g": 101,
            "b": 72,
            "a": 255
        },
        "SecondaryColor": {
            "r": 131,
            "g": 124,
            "b": 75,
            "a": 255
        },
        "LeafColor": {
            "r": 118,
            "g": 112,
            "b": 73,
            "a": 255
        },
        "StemColor": {
            "r": 84,
            "g": 80,
            "b": 57,
            "a": 255
        }
    }
}