{
    "DataType": "WeedProductData",
    "DataVersion": 0,
    "GameVersion": "0.3.3f15",
    "Name": "Dream Puke",
    "ID": "dreampuke",
    "DrugType": 0,
    "Properties": [
        "sneaky",
        "laxative",
        "athletic",
        "cyclopean"
    ],
    "AppearanceSettings": {
        "MainColor": {
            "r": 99,
            "g": 106,
            "b": 85,
            "a": 255
        },
        "SecondaryColor": {
            "r": 120,
            "g": 102,
            "b": 80,
            "a": 255
        },
        "LeafColor": {
            "r": 109,
            "g": 104,
            "b": 82,
            "a": 255
        },
        "StemColor": {
            "r": 79,
            "g": 84,
            "b": 68,
            "a": 255
        }
    }
}