{
    "DataType": "MethProductData",
    "DataVersion": 0,
    "GameVersion": "0.3.3f15",
    "Name": "Extreme Cheese",
    "ID": "extremecheese",
    "DrugType": 1,
    "Properties": [
        "smelly",
        "munchies",
        "Euphoric",
        "toxic",
        "athletic",
        "spicy"
    ],
    "AppearanceSettings": {
        "MainColor": {
            "r": 228,
            "g": 241,
            "b": 213,
            "a": 255
        },
        "SecondaryColor": {
            "r": 236,
            "g": 233,
            "b": 217,
            "a": 255
        }
    }
}