{
    "DataType": "MethProductData",
    "DataVersion": 0,
    "GameVersion": "0.3.3f15",
    "Name": "Fat Smegma",
    "ID": "fatsmegma",
    "DrugType": 1,
    "Properties": [
        "gingeritis",
        "sneaky",
        "slippery",
        "spicy",
        "brighteyed",
        "jennerising",
        "tropicthunder"
    ],
    "AppearanceSettings": {
        "MainColor": {
            "r": 202,
            "g": 202,
            "b": 202,
            "a": 255
        },
        "SecondaryColor": {
            "r": 228,
            "g": 204,
            "b": 185,
            "a": 255
        }
    }
}