{
    "DataType": "WeedProductData",
    "DataVersion": 0,
    "GameVersion": "0.3.3f15",
    "Name": "Fruity Smegma",
    "ID": "fruitysmegma",
    "DrugType": 0,
    "Properties": [
        "energizing",
        "spicy",
        "giraffying"
    ],
    "AppearanceSettings": {
        "MainColor": {
            "r": 109,
            "g": 146,
            "b": 81,
            "a": 255
        },
        "SecondaryColor": {
            "r": 170,
            "g": 156,
            "b": 87,
            "a": 255
        },
        "LeafColor": {
            "r": 139,
            "g": 151,
            "b": 84,
            "a": 255
        },
        "StemColor": {
            "r": 87,
            "g": 116,
            "b": 64,
            "a": 255
        }
    }
}