{
    "DataType": "MethProductData",
    "DataVersion": 0,
    "GameVersion": "0.3.3f15",
    "Name": "Fruity Urkle",
    "ID": "fruityurkle",
    "DrugType": 1,
    "Properties": [
        "gingeritis",
        "sneaky",
        "laxative",
        "athletic"
    ],
    "AppearanceSettings": {
        "MainColor": {
            "r": 255,
            "g": 207,
            "b": 169,
            "a": 255
        },
        "SecondaryColor": {
            "r": 228,
            "g": 204,
            "b": 185,
            "a": 255
        }
    }
}