{
    "DataType": "WeedProductData",
    "DataVersion": 0,
    "GameVersion": "0.3.3f15",
    "Name": "Fruity Bud",
    "ID": "fruitybud",
    "DrugType": 0,
    "Properties": [
        "sedating",
        "balding",
        "brighteyed"
    ],
    "AppearanceSettings": {
        "MainColor": {
            "r": 83,
            "g": 88,
            "b": 95,
            "a": 255
        },
        "SecondaryColor": {
            "r": 128,
            "g": 109,
            "b": 93,
            "a": 255
        },
        "LeafColor": {
            "r": 105,
            "g": 98,
            "b": 94,
            "a": 255
        },
        "StemColor": {
            "r": 66,
            "g": 70,
            "b": 76,
            "a": 255
        }
    }
}