{
    "DataType": "MethProductData",
    "DataVersion": 0,
    "GameVersion": "0.3.3f15",
    "Name": "Girl Scout Urkle",
    "ID": "girlscouturkle",
    "DrugType": 1,
    "Properties": [
        "calming",
        "gingeritis",
        "laxative",
        "athletic",
        "foggy"
    ],
    "AppearanceSettings": {
        "MainColor": {
            "r": 255,
            "g": 245,
            "b": 235,
            "a": 255
        },
        "SecondaryColor": {
            "r": 255,
            "g": 221,
            "b": 192,
            "a": 255
        }
    }
}