{
    "DataType": "MethProductData",
    "DataVersion": 0,
    "GameVersion": "0.3.3f15",
    "Name": "Girl Scout Balls",
    "ID": "girlscoutballs",
    "DrugType": 1,
    "Properties": [
        "sneaky",
        "sedating",
        "antigravity"
    ],
    "AppearanceSettings": {
        "MainColor": {
            "r": 180,
            "g": 177,
            "b": 214,
            "a": 255
        },
        "SecondaryColor": {
            "r": 191,
            "g": 189,
            "b": 208,
            "a": 255
        }
    }
}