{
    "DataType": "MethProductData",
    "DataVersion": 0,
    "GameVersion": "0.3.3f15",
    "Name": "Girl Scout Cookies",
    "ID": "girlscoutcookies",
    "DrugType": 1,
    "Properties": [
        "smelly",
        "toxic",
        "sedating",
        "spicy"
    ],
    "AppearanceSettings": {
        "MainColor": {
            "r": 228,
            "g": 241,
            "b": 213,
            "a": 255
        },
        "SecondaryColor": {
            "r": 196,
            "g": 221,
            "b": 172,
            "a": 255
        }
    }
}