{
    "DataType": "WeedProductData",
    "DataVersion": 0,
    "GameVersion": "0.3.3f15",
    "Name": "Girl Scout Cake",
    "ID": "girlscoutcake",
    "DrugType": 0,
    "Properties": [
        "smelly",
        "munchies",
        "toxic",
        "sedating",
        "slippery",
        "brighteyed"
    ],
    "AppearanceSettings": {
        "MainColor": {
            "r": 106,
            "g": 101,
            "b": 72,
            "a": 255
        },
        "SecondaryColor": {
            "r": 128,
            "g": 125,
            "b": 77,
            "a": 255
        },
        "LeafColor": {
            "r": 117,
            "g": 113,
            "b": 74,
            "a": 255
        },
        "StemColor": {
            "r": 84,
            "g": 80,
            "b": 57,
            "a": 255
        }
    }
}