{
    "DataType": "WeedProductData",
    "DataVersion": 0,
    "GameVersion": "0.3.3f15",
    "Name": "Girl Scout Thunderfuck",
    "ID": "girlscoutthunderfuck",
    "DrugType": 0,
    "Properties": [
        "munchies",
        "Euphoric",
        "energizing",
        "sedating",
        "athletic",
        "brighteyed"
    ],
    "AppearanceSettings": {
        "MainColor": {
            "r": 106,
            "g": 101,
            "b": 72,
            "a": 255
        },
        "SecondaryColor": {
            "r": 141,
            "g": 130,
            "b": 84,
            "a": 255
        },
        "LeafColor": {
            "r": 123,
            "g": 115,
            "b": 78,
            "a": 255
        },
        "StemColor": {
            "r": 84,
            "g": 80,
            "b": 57,
            "a": 255
        }
    }
}