{
    "DataType": "MethProductData",
    "DataVersion": 0,
    "GameVersion": "0.3.3f15",
    "Name": "Girl Scout Ghost",
    "ID": "girlscoutghost",
    "DrugType": 1,
    "Properties": [
        "sneaky",
        "caloriedense",
        "slippery",
        "brighteyed",
        "tropicthunder"
    ],
    "AppearanceSettings": {
        "MainColor": {
            "r": 255,
            "g": 205,
            "b": 251,
            "a": 255
        },
        "SecondaryColor": {
            "r": 228,
            "g": 203,
            "b": 226,
            "a": 255
        }
    }
}