{
    "DataType": "WeedProductData",
    "DataVersion": 0,
    "GameVersion": "0.3.3f15",
    "Name": "Gorilla Splooge",
    "ID": "gorillasplooge",
    "DrugType": 0,
    "Properties": [
        "energizing",
        "giraffying"
    ],
    "AppearanceSettings": {
        "MainColor": {
            "r": 109,
            "g": 146,
            "b": 81,
            "a": 255
        },
        "SecondaryColor": {
            "r": 204,
            "g": 236,
            "b": 103,
            "a": 255
        },
        "LeafColor": {
            "r": 156,
            "g": 191,
            "b": 92,
            "a": 255
        },
        "StemColor": {
            "r": 87,
            "g": 116,
            "b": 64,
            "a": 255
        }
    }
}