{
    "DataType": "WeedProductData",
    "DataVersion": 0,
    "GameVersion": "0.3.3f15",
    "Name": "Gorilla Assblaster",
    "ID": "gorillaassblaster",
    "DrugType": 0,
    "Properties": [
        "toxic",
        "gingeritis",
        "sneaky",
        "slippery",
        "spicy",
        "brighteyed",
        "jennerising",
        "tropicthunder"
    ],
    "AppearanceSettings": {
        "MainColor": {
            "r": 91,
            "g": 116,
            "b": 63,
            "a": 255
        },
        "SecondaryColor": {
            "r": 142,
            "g": 130,
            "b": 66,
            "a": 255
        },
        "LeafColor": {
            "r": 116,
            "g": 123,
            "b": 64,
            "a": 255
        },
        "StemColor": {
            "r": 72,
            "g": 92,
            "b": 50,
            "a": 255
        }
    }
}