{
    "DataType": "WeedProductData",
    "DataVersion": 0,
    "GameVersion": "0.3.3f15",
    "Name": "Gorilla Diesel",
    "ID": "gorilladiesel",
    "DrugType": 0,
    "Properties": [
        "toxic",
        "brighteyed",
        "tropicthunder"
    ],
    "AppearanceSettings": {
        "MainColor": {
            "r": 91,
            "g": 116,
            "b": 63,
            "a": 255
        },
        "SecondaryColor": {
            "r": 138,
            "g": 184,
            "b": 137,
            "a": 255
        },
        "LeafColor": {
            "r": 114,
            "g": 150,
            "b": 100,
            "a": 255
        },
        "StemColor": {
            "r": 72,
            "g": 92,
            "b": 50,
            "a": 255
        }
    }
}