{
    "DataType": "WeedProductData",
    "DataVersion": 0,
    "GameVersion": "0.3.3f15",
    "Name": "Granddaddy Durkle",
    "ID": "granddaddydurkle",
    "DrugType": 0,
    "Properties": [
        "paranoia",
        "toxic",
        "sneaky",
        "sedating",
        "slippery",
        "tropicthunder",
        "giraffying",
        "antigravity"
    ],
    "AppearanceSettings": {
        "MainColor": {
            "r": 106,
            "g": 99,
            "b": 78,
            "a": 255
        },
        "SecondaryColor": {
            "r": 130,
            "g": 122,
            "b": 83,
            "a": 255
        },
        "LeafColor": {
            "r": 118,
            "g": 110,
            "b": 80,
            "a": 255
        },
        "StemColor": {
            "r": 84,
            "g": 79,
            "b": 62,
            "a": 255
        }
    }
}