{
    "DataType": "WeedProductData",
    "DataVersion": 0,
    "GameVersion": "0.3.3f15",
    "Name": "Granddaddy McLovin",
    "ID": "granddaddymclovin",
    "DrugType": 0,
    "Properties": [
        "energizing",
        "electrifying",
        "giraffying"
    ],
    "AppearanceSettings": {
        "MainColor": {
            "r": 109,
            "g": 146,
            "b": 81,
            "a": 255
        },
        "SecondaryColor": {
            "r": 119,
            "g": 228,
            "b": 182,
            "a": 255
        },
        "LeafColor": {
            "r": 114,
            "g": 187,
            "b": 131,
            "a": 255
        },
        "StemColor": {
            "r": 87,
            "g": 116,
            "b": 64,
            "a": 255
        }
    }
}