{
    "DataType": "MethProductData",
    "DataVersion": 0,
    "GameVersion": "0.3.3f15",
    "Name": "Granddaddy Grool",
    "ID": "granddaddygrool",
    "DrugType": 1,
    "Properties": [
        "gingeritis",
        "sneaky",
        "athletic",
        "brighteyed"
    ],
    "AppearanceSettings": {
        "MainColor": {
            "r": 255,
            "g": 207,
            "b": 169,
            "a": 255
        },
        "SecondaryColor": {
            "r": 228,
            "g": 204,
            "b": 185,
            "a": 255
        }
    }
}