{
    "DataType": "WeedProductData",
    "DataVersion": 0,
    "GameVersion": "0.3.3f15",
    "Name": "Granddaddy Fuel",
    "ID": "granddaddyfuel",
    "DrugType": 0,
    "Properties": [
        "refreshing",
        "spicy"
    ],
    "AppearanceSettings": {
        "MainColor": {
            "r": 103,
            "g": 123,
            "b": 82,
            "a": 255
        },
        "SecondaryColor": {
            "r": 177,
            "g": 156,
            "b": 100,
            "a": 255
        },
        "LeafColor": {
            "r": 140,
            "g": 139,
            "b": 91,
            "a": 255
        },
        "StemColor": {
            "r": 82,
            "g": 98,
            "b": 65,
            "a": 255
        }
    }
}