{
    "DataType": "WeedProductData",
    "DataVersion": 0,
    "GameVersion": "0.3.3f15",
    "Name": "Hairy Cum",
    "ID": "hairycum",
    "DrugType": 0,
    "Properties": [
        "toxic",
        "caloriedense",
        "spicy",
        "brighteyed",
        "tropicthunder"
    ],
    "AppearanceSettings": {
        "MainColor": {
            "r": 91,
            "g": 116,
            "b": 63,
            "a": 255
        },
        "SecondaryColor": {
            "r": 142,
            "g": 128,
            "b": 106,
            "a": 255
        },
        "LeafColor": {
            "r": 116,
            "g": 122,
            "b": 84,
            "a": 255
        },
        "StemColor": {
            "r": 72,
            "g": 92,
            "b": 50,
            "a": 255
        }
    }
}