{
    "DataType": "WeedProductData",
    "DataVersion": 0,
    "GameVersion": "0.3.3f15",
    "Name": "Hairy Stink",
    "ID": "hairystink",
    "DrugType": 0,
    "Properties": [
        "paranoia",
        "sneaky",
        "caloriedense",
        "spicy",
        "brighteyed",
        "tropicthunder",
        "giraffying"
    ],
    "AppearanceSettings": {
        "MainColor": {
            "r": 106,
            "g": 99,
            "b": 78,
            "a": 255
        },
        "SecondaryColor": {
            "r": 136,
            "g": 116,
            "b": 98,
            "a": 255
        },
        "LeafColor": {
            "r": 121,
            "g": 107,
            "b": 88,
            "a": 255
        },
        "StemColor": {
            "r": 84,
            "g": 79,
            "b": 62,
            "a": 255
        }
    }
}