{
    "DataType": "WeedProductData",
    "DataVersion": 0,
    "GameVersion": "0.3.3f15",
    "Name": "Hairy Cookies",
    "ID": "hairycookies",
    "DrugType": 0,
    "Properties": [
        "refreshing",
        "caloriedense",
        "slippery",
        "spicy",
        "tropicthunder"
    ],
    "AppearanceSettings": {
        "MainColor": {
            "r": 103,
            "g": 123,
            "b": 82,
            "a": 255
        },
        "SecondaryColor": {
            "r": 158,
            "g": 149,
            "b": 127,
            "a": 255
        },
        "LeafColor": {
            "r": 130,
            "g": 136,
            "b": 104,
            "a": 255
        },
        "StemColor": {
            "r": 82,
            "g": 98,
            "b": 65,
            "a": 255
        }
    }
}