{
    "DataType": "WeedProductData",
    "DataVersion": 0,
    "GameVersion": "0.3.3f15",
    "Name": "Ice Cream Diamond",
    "ID": "icecreamdiamond",
    "DrugType": 0,
    "Properties": [
        "energizing",
        "balding",
        "athletic"
    ],
    "AppearanceSettings": {
        "MainColor": {
            "r": 109,
            "g": 146,
            "b": 81,
            "a": 255
        },
        "SecondaryColor": {
            "r": 129,
            "g": 184,
            "b": 141,
            "a": 255
        },
        "LeafColor": {
            "r": 119,
            "g": 165,
            "b": 111,
            "a": 255
        },
        "StemColor": {
            "r": 87,
            "g": 116,
            "b": 64,
            "a": 255
        }
    }
}