{
    "DataType": "WeedProductData",
    "DataVersion": 0,
    "GameVersion": "0.3.3f15",
    "Name": "Ice Cream Assblaster",
    "ID": "icecreamassblaster",
    "DrugType": 0,
    "Properties": [
        "sedating",
        "brighteyed"
    ],
    "AppearanceSettings": {
        "MainColor": {
            "r": 83,
            "g": 88,
            "b": 95,
            "a": 255
        },
        "SecondaryColor": {
            "r": 128,
            "g": 147,
            "b": 179,
            "a": 255
        },
        "LeafColor": {
            "r": 105,
            "g": 117,
            "b": 137,
            "a": 255
        },
        "StemColor": {
            "r": 66,
            "g": 70,
            "b": 76,
            "a": 255
        }
    }
}