{
    "DataType": "WeedProductData",
    "DataVersion": 0,
    "GameVersion": "0.3.3f15",
    "Name": "Island Durkle",
    "ID": "islanddurkle",
    "DrugType": 0,
    "Properties": [
        "toxic",
        "sedating",
        "balding",
        "athletic",
        "slippery"
    ],
    "AppearanceSettings": {
        "MainColor": {
            "r": 83,
            "g": 88,
            "b": 95,
            "a": 255
        },
        "SecondaryColor": {
            "r": 104,
            "g": 114,
            "b": 88,
            "a": 255
        },
        "LeafColor": {
            "r": 93,
            "g": 101,
            "b": 91,
            "a": 255
        },
        "StemColor": {
            "r": 66,
            "g": 70,
            "b": 76,
            "a": 255
        }
    }
}