{
    "DataType": "CustomerData",
    "DataVersion": 0,
    "GameVersion": "0.3.3f15",
    "Dependence": 0.13750000298023225,
    "PurchaseableProducts": [
        "sweetexpress20",
        "icecreamcrack",
        "sweetass"
    ],
    "ProductAffinities": [
        0.6162537336349487,
        0.08089005947113037,
        0.5416569709777832
    ],
    "TimeSinceLastDealCompleted": 2098,
    "TimeSinceLastDealOffered": 2179,
    "OfferedDeals": 2,
    "CompletedDeals": 3,
    "IsContractOffered": false,
    "OfferedContract": {
        "Payment": 0.0,
        "Products": {
            "entries": []
        },
        "DeliveryLocationGUID": "",
        "DeliveryWindow": {
            "IsEnabled": false,
            "WindowStartTime": 1200,
            "WindowEndTime": 1800
        },
        "Expires": false,
        "ExpiresAfter": 0,
        "PickupScheduleIndex": 0,
        "IsCounterOffer": false
    },
    "OfferedContractTime": {
        "elapsedDays": 43,
        "time": 1715
    },
    "TimeSincePlayerApproached": 1008268,
    "TimeSinceInstantDealOffered": 3795,
    "HasBeenRecommended": false
}