{
    "DataType": "CustomerData",
    "DataVersion": 0,
    "GameVersion": "0.3.3f15",
    "Dependence": 1.0,
    "PurchaseableProducts": [
        "californiathunderfuck"
    ],
    "ProductAffinities": [
        1.0,
        0.08089005947113037,
        0.8416569232940674
    ],
    "TimeSinceLastDealCompleted": 156,
    "TimeSinceLastDealOffered": 225,
    "OfferedDeals": 16,
    "CompletedDeals": 15,
    "IsContractOffered": false,
    "OfferedContract": {
        "Payment": 0.0,
        "Products": {
            "entries": []
        },
        "DeliveryLocationGUID": "",
        "DeliveryWindow": {
            "IsEnabled": false,
            "WindowStartTime": 1200,
            "WindowEndTime": 1800
        },
        "Expires": false,
        "ExpiresAfter": 0,
        "PickupScheduleIndex": 0,
        "IsCounterOffer": false
    },
    "OfferedContractTime": {
        "elapsedDays": 61,
        "time": 1715
    },
    "TimeSincePlayerApproached": 1031916,
    "TimeSinceInstantDealOffered": 1802,
    "HasBeenRecommended": false
}