{
    "DataType": "CustomerData",
    "DataVersion": 0,
    "GameVersion": "0.3.3f15",
    "Dependence": 1.0,
    "PurchaseableProducts": [
        "californiathunderfuck"
    ],
    "ProductAffinities": [
        1.0,
        -0.11608299612998963,
        0.34469011425971987
    ],
    "TimeSinceLastDealCompleted": 1850,
    "TimeSinceLastDealOffered": 435,
    "OfferedDeals": 26,
    "CompletedDeals": 31,
    "IsContractOffered": false,
    "OfferedContract": {
        "Payment": 0.0,
        "Products": {
            "entries": []
        },
        "DeliveryLocationGUID": "",
        "DeliveryWindow": {
            "IsEnabled": false,
            "WindowStartTime": 1200,
            "WindowEndTime": 1800
        },
        "Expires": false,
        "ExpiresAfter": 0,
        "PickupScheduleIndex": 0,
        "IsCounterOffer": false
    },
    "OfferedContractTime": {
        "elapsedDays": 61,
        "time": 1345
    },
    "TimeSincePlayerApproached": 35246,
    "TimeSinceInstantDealOffered": 27770,
    "HasBeenRecommended": false
}