{
    "DataType": "CustomerData",
    "DataVersion": 0,
    "GameVersion": "0.3.3f15",
    "Dependence": 1.0,
    "PurchaseableProducts": [
        "californiathunderfuck"
    ],
    "ProductAffinities": [
        1.0,
        -0.9157676696777344,
        -0.0024762749671936037
    ],
    "TimeSinceLastDealCompleted": 512,
    "TimeSinceLastDealOffered": 660,
    "OfferedDeals": 29,
    "CompletedDeals": 28,
    "IsContractOffered": false,
    "OfferedContract": {
        "Payment": 0.0,
        "Products": {
            "entries": []
        },
        "DeliveryLocationGUID": "",
        "DeliveryWindow": {
            "IsEnabled": false,
            "WindowStartTime": 1200,
            "WindowEndTime": 1800
        },
        "Expires": false,
        "ExpiresAfter": 0,
        "PickupScheduleIndex": 0,
        "IsCounterOffer": false
    },
    "OfferedContractTime": {
        "elapsedDays": 61,
        "time": 1000
    },
    "TimeSincePlayerApproached": 1095076,
    "TimeSinceInstantDealOffered": 1095076,
    "HasBeenRecommended": false
}