{
    "DataType": "CustomerData",
    "DataVersion": 0,
    "GameVersion": "0.3.3f15",
    "Dependence": 1.0,
    "PurchaseableProducts": [
        "deathrhino",
        "icecreamcrack",
        "sweetass"
    ],
    "ProductAffinities": [
        NaN,
        -0.9157676696777344,
        -0.30247628688812258
    ],
    "TimeSinceLastDealCompleted": 14,
    "TimeSinceLastDealOffered": 99,
    "OfferedDeals": 16,
    "CompletedDeals": 15,
    "IsContractOffered": false,
    "OfferedContract": {
        "Payment": 0.0,
        "Products": {
            "entries": []
        },
        "DeliveryLocationGUID": "",
        "DeliveryWindow": {
            "IsEnabled": false,
            "WindowStartTime": 1200,
            "WindowEndTime": 1800
        },
        "Expires": false,
        "ExpiresAfter": 0,
        "PickupScheduleIndex": 0,
        "IsCounterOffer": false
    },
    "OfferedContractTime": {
        "elapsedDays": 48,
        "time": 1437
    },
    "TimeSincePlayerApproached": 1074166,
    "TimeSinceInstantDealOffered": 1074166,
    "HasBeenRecommended": false
}