{
    "DataType": "CustomerData",
    "DataVersion": 0,
    "GameVersion": "0.3.3f15",
    "Dependence": 1.0,
    "PurchaseableProducts": [
        "icecreamcrack"
    ],
    "ProductAffinities": [
        1.0,
        1.0,
        -0.6100000143051148
    ],
    "TimeSinceLastDealCompleted": 1232,
    "TimeSinceLastDealOffered": 1329,
    "OfferedDeals": 38,
    "CompletedDeals": 34,
    "IsContractOffered": false,
    "OfferedContract": {
        "Payment": 0.0,
        "Products": {
            "entries": []
        },
        "DeliveryLocationGUID": "",
        "DeliveryWindow": {
            "IsEnabled": false,
            "WindowStartTime": 1200,
            "WindowEndTime": 1800
        },
        "Expires": false,
        "ExpiresAfter": 0,
        "PickupScheduleIndex": 0,
        "IsCounterOffer": false
    },
    "OfferedContractTime": {
        "elapsedDays": 46,
        "time": 1630
    },
    "TimeSincePlayerApproached": 74163,
    "TimeSinceInstantDealOffered": 6794,
    "HasBeenRecommended": false
}