{
    "DataType": "CustomerData",
    "DataVersion": 0,
    "GameVersion": "0.3.3f15",
    "Dependence": 1.0,
    "PurchaseableProducts": [
        "sweetass",
        "icecreamcrack"
    ],
    "ProductAffinities": [
        1.0,
        1.0,
        -0.6100000143051148
    ],
    "TimeSinceLastDealCompleted": 890,
    "TimeSinceLastDealOffered": 991,
    "OfferedDeals": 36,
    "CompletedDeals": 32,
    "IsContractOffered": false,
    "OfferedContract": {
        "Payment": 0.0,
        "Products": {
            "entries": []
        },
        "DeliveryLocationGUID": "",
        "DeliveryWindow": {
            "IsEnabled": false,
            "WindowStartTime": 1200,
            "WindowEndTime": 1800
        },
        "Expires": false,
        "ExpiresAfter": 0,
        "PickupScheduleIndex": 0,
        "IsCounterOffer": false
    },
    "OfferedContractTime": {
        "elapsedDays": 44,
        "time": 1630
    },
    "TimeSincePlayerApproached": 71426,
    "TimeSinceInstantDealOffered": 4057,
    "HasBeenRecommended": false
}