{
    "DataType": "CustomerData",
    "DataVersion": 0,
    "GameVersion": "0.3.3f15",
    "Dependence": 1.0,
    "PurchaseableProducts": [
        "californiathunderfuck"
    ],
    "ProductAffinities": [
        0.925000011920929,
        1.0,
        -0.6100000143051148
    ],
    "TimeSinceLastDealCompleted": 154,
    "TimeSinceLastDealOffered": 269,
    "OfferedDeals": 52,
    "CompletedDeals": 48,
    "IsContractOffered": false,
    "OfferedContract": {
        "Payment": 0.0,
        "Products": {
            "entries": []
        },
        "DeliveryLocationGUID": "",
        "DeliveryWindow": {
            "IsEnabled": false,
            "WindowStartTime": 1200,
            "WindowEndTime": 1800
        },
        "Expires": false,
        "ExpiresAfter": 0,
        "PickupScheduleIndex": 0,
        "IsCounterOffer": false
    },
    "OfferedContractTime": {
        "elapsedDays": 61,
        "time": 1630
    },
    "TimeSincePlayerApproached": 95070,
    "TimeSinceInstantDealOffered": 1918,
    "HasBeenRecommended": false
}