{
    "DataType": "MetaData",
    "DataVersion": 0,
    "GameVersion": "0.3.3f15",
    "CreationDate": {
        "DataType": "DateTimeData",
        "DataVersion": 0,
        "GameVersion": "0.3.3f15",
        "Year": 2025,
        "Month": 4,
        "Day": 4,
        "Hour": 1,
        "Minute": 31,
        "Second": 14
    },
    "LastPlayedDate": {
        "DataType": "DateTimeData",
        "DataVersion": 0,
        "GameVersion": "0.3.3f15",
        "Year": 2025,
        "Month": 4,
        "Day": 7,
        "Hour": 0,
        "Minute": 23,
        "Second": 23
    },
    "CreationVersion": "0.3.3f14",
    "LastSaveVersion": "0.3.3f15",
    "PlayTutorial": false
}