{
    "DataType": "CustomerData",
    "DataVersion": 0,
    "GameVersion": "0.3.3f15",
    "Dependence": 0.4750000238418579,
    "PurchaseableProducts": [
        "sweetexpress20",
        "icecreamcrack",
        "sweetass",
        "deathrhino"
    ],
    "ProductAffinities": [
        -0.3711582124233246,
        -0.3561795949935913,
        -0.2764521837234497
    ],
    "TimeSinceLastDealCompleted": 1415,
    "TimeSinceLastDealOffered": 1613,
    "OfferedDeals": 3,
    "CompletedDeals": 3,
    "IsContractOffered": false,
    "OfferedContract": {
        "Payment": 0.0,
        "Products": {
            "entries": []
        },
        "DeliveryLocationGUID": "",
        "DeliveryWindow": {
            "IsEnabled": false,
            "WindowStartTime": 1200,
            "WindowEndTime": 1800
        },
        "Expires": false,
        "ExpiresAfter": 0,
        "PickupScheduleIndex": 0,
        "IsCounterOffer": false
    },
    "OfferedContractTime": {
        "elapsedDays": 46,
        "time": 1146
    },
    "TimeSincePlayerApproached": 1074166,
    "TimeSinceInstantDealOffered": 1074166,
    "HasBeenRecommended": false
}