{
    "DataType": "CustomerData",
    "DataVersion": 0,
    "GameVersion": "0.3.3f15",
    "Dependence": 0.4000000059604645,
    "PurchaseableProducts": [
        "californiathunderfuck"
    ],
    "ProductAffinities": [
        -0.2211582064628601,
        -0.3561795949935913,
        0.023547828197479249
    ],
    "TimeSinceLastDealCompleted": 490,
    "TimeSinceLastDealOffered": 555,
    "OfferedDeals": 6,
    "CompletedDeals": 6,
    "IsContractOffered": false,
    "OfferedContract": {
        "Payment": 0.0,
        "Products": {
            "entries": []
        },
        "DeliveryLocationGUID": "",
        "DeliveryWindow": {
            "IsEnabled": false,
            "WindowStartTime": 1200,
            "WindowEndTime": 1800
        },
        "Expires": false,
        "ExpiresAfter": 0,
        "PickupScheduleIndex": 0,
        "IsCounterOffer": false
    },
    "OfferedContractTime": {
        "elapsedDays": 61,
        "time": 1145
    },
    "TimeSincePlayerApproached": 1095076,
    "TimeSinceInstantDealOffered": 1095076,
    "HasBeenRecommended": false
}