{
    "DataType": "CustomerData",
    "DataVersion": 0,
    "GameVersion": "0.3.3f15",
    "Dependence": 0.8125,
    "PurchaseableProducts": [
        "sweetexpress20",
        "icecreamcrack",
        "sweetass",
        "deathrhino"
    ],
    "ProductAffinities": [
        1.0,
        1.0,
        0.3700000047683716
    ],
    "TimeSinceLastDealCompleted": 4130,
    "TimeSinceLastDealOffered": 2058,
    "OfferedDeals": 33,
    "CompletedDeals": 28,
    "IsContractOffered": false,
    "OfferedContract": {
        "Payment": 0.0,
        "Products": {
            "entries": []
        },
        "DeliveryLocationGUID": "",
        "DeliveryWindow": {
            "IsEnabled": false,
            "WindowStartTime": 1200,
            "WindowEndTime": 1800
        },
        "Expires": false,
        "ExpiresAfter": 0,
        "PickupScheduleIndex": 0,
        "IsCounterOffer": false
    },
    "OfferedContractTime": {
        "elapsedDays": 45,
        "time": 1930
    },
    "TimeSincePlayerApproached": 10625,
    "TimeSinceInstantDealOffered": 74166,
    "HasBeenRecommended": false
}