{
    "DataType": "CustomerData",
    "DataVersion": 0,
    "GameVersion": "0.3.3f15",
    "Dependence": 1.0,
    "PurchaseableProducts": [
        "sweetexpress20",
        "icecreamcrack",
        "sweetass"
    ],
    "ProductAffinities": [
        1.0,
        1.0,
        0.3700000047683716
    ],
    "TimeSinceLastDealCompleted": 1392,
    "TimeSinceLastDealOffered": 2044,
    "OfferedDeals": 32,
    "CompletedDeals": 28,
    "IsContractOffered": false,
    "OfferedContract": {
        "Payment": 0.0,
        "Products": {
            "entries": []
        },
        "DeliveryLocationGUID": "",
        "DeliveryWindow": {
            "IsEnabled": false,
            "WindowStartTime": 1200,
            "WindowEndTime": 1800
        },
        "Expires": false,
        "ExpiresAfter": 0,
        "PickupScheduleIndex": 0,
        "IsCounterOffer": false
    },
    "OfferedContractTime": {
        "elapsedDays": 43,
        "time": 1930
    },
    "TimeSincePlayerApproached": 7887,
    "TimeSinceInstantDealOffered": 71428,
    "HasBeenRecommended": false
}