{
    "DataType": "CustomerData",
    "DataVersion": 0,
    "GameVersion": "0.3.3f15",
    "Dependence": 0.9375,
    "PurchaseableProducts": [
        "sweetexpress20",
        "bigslime",
        "icecreamcrack"
    ],
    "ProductAffinities": [
        1.0,
        1.0,
        -0.1968921422958374
    ],
    "TimeSinceLastDealCompleted": 2969,
    "TimeSinceLastDealOffered": 1168,
    "OfferedDeals": 28,
    "CompletedDeals": 24,
    "IsContractOffered": false,
    "OfferedContract": {
        "Payment": 0.0,
        "Products": {
            "entries": []
        },
        "DeliveryLocationGUID": "",
        "DeliveryWindow": {
            "IsEnabled": false,
            "WindowStartTime": 1200,
            "WindowEndTime": 1800
        },
        "Expires": false,
        "ExpiresAfter": 0,
        "PickupScheduleIndex": 0,
        "IsCounterOffer": false
    },
    "OfferedContractTime": {
        "elapsedDays": 0,
        "time": 0
    },
    "TimeSincePlayerApproached": 1063160,
    "TimeSinceInstantDealOffered": 1063160,
    "HasBeenRecommended": false
}