{
    "DataType": "CustomerData",
    "DataVersion": 0,
    "GameVersion": "0.3.3f15",
    "Dependence": 0.8125,
    "PurchaseableProducts": [
        "icecreamcrack"
    ],
    "ProductAffinities": [
        1.0,
        1.0,
        0.25126001238822939
    ],
    "TimeSinceLastDealCompleted": 3418,
    "TimeSinceLastDealOffered": 2028,
    "OfferedDeals": 34,
    "CompletedDeals": 36,
    "IsContractOffered": false,
    "OfferedContract": {
        "Payment": 0.0,
        "Products": {
            "entries": []
        },
        "DeliveryLocationGUID": "",
        "DeliveryWindow": {
            "IsEnabled": false,
            "WindowStartTime": 1200,
            "WindowEndTime": 1800
        },
        "Expires": false,
        "ExpiresAfter": 0,
        "PickupScheduleIndex": 0,
        "IsCounterOffer": false
    },
    "OfferedContractTime": {
        "elapsedDays": 45,
        "time": 2000
    },
    "TimeSincePlayerApproached": 1074166,
    "TimeSinceInstantDealOffered": 6934,
    "HasBeenRecommended": false
}