{
    "DataType": "CustomerData",
    "DataVersion": 0,
    "GameVersion": "0.3.3f15",
    "Dependence": 0.9375,
    "PurchaseableProducts": [
        "sweetexpress20",
        "bigslime",
        "icecreamcrack"
    ],
    "ProductAffinities": [
        1.0,
        0.8662095069885254,
        0.25126001238822939
    ],
    "TimeSinceLastDealCompleted": 2617,
    "TimeSinceLastDealOffered": 1153,
    "OfferedDeals": 29,
    "CompletedDeals": 26,
    "IsContractOffered": false,
    "OfferedContract": {
        "Payment": 0.0,
        "Products": {
            "entries": []
        },
        "DeliveryLocationGUID": "",
        "DeliveryWindow": {
            "IsEnabled": false,
            "WindowStartTime": 1200,
            "WindowEndTime": 1800
        },
        "Expires": false,
        "ExpiresAfter": 0,
        "PickupScheduleIndex": 0,
        "IsCounterOffer": false
    },
    "OfferedContractTime": {
        "elapsedDays": 0,
        "time": 0
    },
    "TimeSincePlayerApproached": 1063160,
    "TimeSinceInstantDealOffered": 24060,
    "HasBeenRecommended": false
}