{
    "DataType": "CustomerData",
    "DataVersion": 0,
    "GameVersion": "0.3.3f15",
    "Dependence": 1.0,
    "PurchaseableProducts": [
        "californiathunderfuck"
    ],
    "ProductAffinities": [
        1.0,
        1.0,
        0.25126001238822939
    ],
    "TimeSinceLastDealCompleted": 1524,
    "TimeSinceLastDealOffered": 60,
    "OfferedDeals": 48,
    "CompletedDeals": 49,
    "IsContractOffered": false,
    "OfferedContract": {
        "Payment": 0.0,
        "Products": {
            "entries": []
        },
        "DeliveryLocationGUID": "",
        "DeliveryWindow": {
            "IsEnabled": false,
            "WindowStartTime": 1200,
            "WindowEndTime": 1800
        },
        "Expires": false,
        "ExpiresAfter": 0,
        "PickupScheduleIndex": 0,
        "IsCounterOffer": false
    },
    "OfferedContractTime": {
        "elapsedDays": 61,
        "time": 2000
    },
    "TimeSincePlayerApproached": 1095076,
    "TimeSinceInstantDealOffered": 27844,
    "HasBeenRecommended": false
}