{
    "DataType": "CustomerData",
    "DataVersion": 0,
    "GameVersion": "0.3.3f15",
    "Dependence": 1.0,
    "PurchaseableProducts": [
        "icecreamcrack"
    ],
    "ProductAffinities": [
        1.0,
        1.0,
        0.25999999046325686
    ],
    "TimeSinceLastDealCompleted": 96,
    "TimeSinceLastDealOffered": 116,
    "OfferedDeals": 24,
    "CompletedDeals": 27,
    "IsContractOffered": false,
    "OfferedContract": {
        "Payment": 0.0,
        "Products": {
            "entries": []
        },
        "DeliveryLocationGUID": "",
        "DeliveryWindow": {
            "IsEnabled": false,
            "WindowStartTime": 1200,
            "WindowEndTime": 1800
        },
        "Expires": false,
        "ExpiresAfter": 0,
        "PickupScheduleIndex": 0,
        "IsCounterOffer": false
    },
    "OfferedContractTime": {
        "elapsedDays": 48,
        "time": 1420
    },
    "TimeSincePlayerApproached": 1074162,
    "TimeSinceInstantDealOffered": 6841,
    "HasBeenRecommended": false
}