{
    "Gender": 0,
    "Weight": 0.4677419364452362,
    "SkinColor": {
        "r": 0.17924529314041139,
        "g": 0.1540389209985733,
        "b": 0.13443396985530854,
        "a": 1.0
    },
    "HairStyle": "Avatar/Hair/BowlCut/BowlCut",
    "HairColor": {
        "r": 0.6415094137191773,
        "g": 0.30716103315353396,
        "b": 0.12406548857688904,
        "a": 1.0
    },
    "Mouth": "Avatar/Layers/Face/Face_SlightSmile",
    "FacialHair": "",
    "FacialDetails": "Avatar/Layers/Face/OldPersonWrinkles",
    "FacialDetailsIntensity": 0.8645161390304565,
    "EyeballColor": {
        "r": 1.0,
        "g": 0.6556603908538818,
        "b": 0.6556603908538818,
        "a": 1.0
    },
    "UpperEyeLidRestingPosition": 1.0,
    "LowerEyeLidRestingPosition": 1.0,
    "PupilDilation": 0.0,
    "EyebrowScale": 0.6690322756767273,
    "EyebrowThickness": 0.8709678649902344,
    "EyebrowRestingHeight": -0.8129032254219055,
    "EyebrowRestingAngle": -10.0,
    "Top": "Avatar/Layers/Top/T-Shirt",
    "TopColor": {
        "r": 0.9245283007621765,
        "g": 0.3706835210323334,
        "b": 0.3706835210323334,
        "a": 1.0
    },
    "Bottom": "Avatar/Layers/Bottom/Jorts",
    "BottomColor": {
        "r": 0.650943398475647,
        "g": 0.23642753064632417,
        "b": 0.23642753064632417,
        "a": 1.0
    },
    "Shoes": "Avatar/Accessories/Feet/Sneakers/Sneakers",
    "ShoesColor": {
        "r": 0.9245283007621765,
        "g": 0.3706835210323334,
        "b": 0.3706835210323334,
        "a": 1.0
    },
    "Headwear": "",
    "HeadwearColor": {
        "r": 1.0,
        "g": 1.0,
        "b": 1.0,
        "a": 1.0
    },
    "Eyewear": "",
    "EyewearColor": {
        "r": 0.0,
        "g": 0.0,
        "b": 0.0,
        "a": 0.0
    },
    "Tattoos": []
}