{
    "DataType": "CustomerData",
    "DataVersion": 0,
    "GameVersion": "0.3.3f15",
    "Dependence": 1.0,
    "PurchaseableProducts": [
        "icecreamcrack"
    ],
    "ProductAffinities": [
        1.0,
        0.7360000610351563,
        0.9020000100135803
    ],
    "TimeSinceLastDealCompleted": 1205,
    "TimeSinceLastDealOffered": 525,
    "OfferedDeals": 30,
    "CompletedDeals": 30,
    "IsContractOffered": false,
    "OfferedContract": {
        "Payment": 0.0,
        "Products": {
            "entries": []
        },
        "DeliveryLocationGUID": "",
        "DeliveryWindow": {
            "IsEnabled": false,
            "WindowStartTime": 1200,
            "WindowEndTime": 1800
        },
        "Expires": false,
        "ExpiresAfter": 0,
        "PickupScheduleIndex": 0,
        "IsCounterOffer": false
    },
    "OfferedContractTime": {
        "elapsedDays": 45,
        "time": 16
    },
    "TimeSincePlayerApproached": 1071426,
    "TimeSinceInstantDealOffered": 1071426,
    "HasBeenRecommended": false
}