{
    "Items": [
        "{\"DataType\":\"MethData\",\"DataVersion\":0,\"GameVersion\":\"0.3.3f15\",\"ID\":\"deathrhino\",\"Quantity\":17,\"Quality\":\"Poor\",\"PackagingID\":\"baggie\"}",
        "{\"DataType\":\"MethData\",\"DataVersion\":0,\"GameVersion\":\"0.3.3f15\",\"ID\":\"deathrhino\",\"Quantity\":20,\"Quality\":\"Poor\",\"PackagingID\":\"baggie\"}",
        "{\"DataType\":\"WeedData\",\"DataVersion\":0,\"GameVersion\":\"0.3.3f15\",\"ID\":\"icecreamcrack\",\"Quantity\":17,\"Quality\":\"Standard\",\"PackagingID\":\"baggie\"}",
        "{\"DataType\":\"WeedData\",\"DataVersion\":0,\"GameVersion\":\"0.3.3f15\",\"ID\":\"sweetass\",\"Quantity\":2,\"Quality\":\"Heavenly\",\"PackagingID\":\"baggie\"}",
        "{\"DataType\":\"WeedData\",\"DataVersion\":0,\"GameVersion\":\"0.3.3f15\",\"ID\":\"icecreamcrack\",\"Quantity\":20,\"Quality\":\"Standard\",\"PackagingID\":\"baggie\"}"
    ]
}