{
    "DataType": "CustomerData",
    "DataVersion": 0,
    "GameVersion": "0.3.3f15",
    "Dependence": 0.6000000238418579,
    "PurchaseableProducts": [
        "sweetexpress20",
        "icecreamcrack",
        "sweetass"
    ],
    "ProductAffinities": [
        1.0,
        -0.30000001192092898,
        0.44999998807907107
    ],
    "TimeSinceLastDealCompleted": 912,
    "TimeSinceLastDealOffered": 991,
    "OfferedDeals": 2,
    "CompletedDeals": 3,
    "IsContractOffered": false,
    "OfferedContract": {
        "Payment": 0.0,
        "Products": {
            "entries": []
        },
        "DeliveryLocationGUID": "",
        "DeliveryWindow": {
            "IsEnabled": false,
            "WindowStartTime": 1200,
            "WindowEndTime": 1800
        },
        "Expires": false,
        "ExpiresAfter": 0,
        "PickupScheduleIndex": 0,
        "IsCounterOffer": false
    },
    "OfferedContractTime": {
        "elapsedDays": 44,
        "time": 1630
    },
    "TimeSincePlayerApproached": 1071428,
    "TimeSinceInstantDealOffered": 1071428,
    "HasBeenRecommended": false
}