{
    "DataType": "CustomerData",
    "DataVersion": 0,
    "GameVersion": "0.3.3f15",
    "Dependence": 0.9874999523162842,
    "PurchaseableProducts": [
        "californiathunderfuck"
    ],
    "ProductAffinities": [
        1.0,
        -0.30000001192092898,
        0.8999999761581421
    ],
    "TimeSinceLastDealCompleted": 168,
    "TimeSinceLastDealOffered": 270,
    "OfferedDeals": 11,
    "CompletedDeals": 9,
    "IsContractOffered": false,
    "OfferedContract": {
        "Payment": 0.0,
        "Products": {
            "entries": []
        },
        "DeliveryLocationGUID": "",
        "DeliveryWindow": {
            "IsEnabled": false,
            "WindowStartTime": 1200,
            "WindowEndTime": 1800
        },
        "Expires": false,
        "ExpiresAfter": 0,
        "PickupScheduleIndex": 0,
        "IsCounterOffer": false
    },
    "OfferedContractTime": {
        "elapsedDays": 61,
        "time": 1630
    },
    "TimeSincePlayerApproached": 1095076,
    "TimeSinceInstantDealOffered": 1095076,
    "HasBeenRecommended": false
}