{
    "DataType": "CustomerData",
    "DataVersion": 0,
    "GameVersion": "0.3.3f15",
    "Dependence": 1.0,
    "PurchaseableProducts": [
        "sweetexpress20",
        "bigslime",
        "icecreamcrack"
    ],
    "ProductAffinities": [
        1.0,
        0.47097456455230715,
        -0.22300803661346436
    ],
    "TimeSinceLastDealCompleted": 933,
    "TimeSinceLastDealOffered": 1183,
    "OfferedDeals": 29,
    "CompletedDeals": 31,
    "IsContractOffered": false,
    "OfferedContract": {
        "Payment": 0.0,
        "Products": {
            "entries": []
        },
        "DeliveryLocationGUID": "",
        "DeliveryWindow": {
            "IsEnabled": false,
            "WindowStartTime": 1200,
            "WindowEndTime": 1800
        },
        "Expires": false,
        "ExpiresAfter": 0,
        "PickupScheduleIndex": 0,
        "IsCounterOffer": false
    },
    "OfferedContractTime": {
        "elapsedDays": 0,
        "time": 0
    },
    "TimeSincePlayerApproached": 1063160,
    "TimeSinceInstantDealOffered": 57711,
    "HasBeenRecommended": false
}