{
    "DataType": "CustomerData",
    "DataVersion": 0,
    "GameVersion": "0.3.3f15",
    "Dependence": 0.9375,
    "PurchaseableProducts": [
        "icecreamcrack"
    ],
    "ProductAffinities": [
        1.0,
        0.6209745407104492,
        -0.22300803661346436
    ],
    "TimeSinceLastDealCompleted": 2010,
    "TimeSinceLastDealOffered": 2058,
    "OfferedDeals": 32,
    "CompletedDeals": 38,
    "IsContractOffered": false,
    "OfferedContract": {
        "Payment": 0.0,
        "Products": {
            "entries": []
        },
        "DeliveryLocationGUID": "",
        "DeliveryWindow": {
            "IsEnabled": false,
            "WindowStartTime": 1200,
            "WindowEndTime": 1800
        },
        "Expires": false,
        "ExpiresAfter": 0,
        "PickupScheduleIndex": 0,
        "IsCounterOffer": false
    },
    "OfferedContractTime": {
        "elapsedDays": 45,
        "time": 1930
    },
    "TimeSincePlayerApproached": 1074166,
    "TimeSinceInstantDealOffered": 68717,
    "HasBeenRecommended": false
}