{
    "DataType": "CustomerData",
    "DataVersion": 0,
    "GameVersion": "0.3.3f15",
    "Dependence": 1.0,
    "PurchaseableProducts": [
        "sweetass",
        "icecreamcrack"
    ],
    "ProductAffinities": [
        1.0,
        0.6209745407104492,
        -0.22300803661346436
    ],
    "TimeSinceLastDealCompleted": 840,
    "TimeSinceLastDealOffered": 5543,
    "OfferedDeals": 31,
    "CompletedDeals": 37,
    "IsContractOffered": false,
    "OfferedContract": {
        "Payment": 0.0,
        "Products": {
            "entries": []
        },
        "DeliveryLocationGUID": "",
        "DeliveryWindow": {
            "IsEnabled": false,
            "WindowStartTime": 1200,
            "WindowEndTime": 1800
        },
        "Expires": false,
        "ExpiresAfter": 0,
        "PickupScheduleIndex": 0,
        "IsCounterOffer": false
    },
    "OfferedContractTime": {
        "elapsedDays": 41,
        "time": 2329
    },
    "TimeSincePlayerApproached": 1071428,
    "TimeSinceInstantDealOffered": 65979,
    "HasBeenRecommended": false
}