{
    "DataType": "CustomerData",
    "DataVersion": 0,
    "GameVersion": "0.3.3f15",
    "Dependence": 0.637499988079071,
    "PurchaseableProducts": [
        "californiathunderfuck"
    ],
    "ProductAffinities": [
        1.0,
        0.6209745407104492,
        -0.07300803065299988
    ],
    "TimeSinceLastDealCompleted": 1499,
    "TimeSinceLastDealOffered": 90,
    "OfferedDeals": 38,
    "CompletedDeals": 42,
    "IsContractOffered": false,
    "OfferedContract": {
        "Payment": 0.0,
        "Products": {
            "entries": []
        },
        "DeliveryLocationGUID": "",
        "DeliveryWindow": {
            "IsEnabled": false,
            "WindowStartTime": 1200,
            "WindowEndTime": 1800
        },
        "Expires": false,
        "ExpiresAfter": 0,
        "PickupScheduleIndex": 0,
        "IsCounterOffer": false
    },
    "OfferedContractTime": {
        "elapsedDays": 61,
        "time": 1930
    },
    "TimeSincePlayerApproached": 1095076,
    "TimeSinceInstantDealOffered": 89627,
    "HasBeenRecommended": false
}