{
    "DataType": "CustomerData",
    "DataVersion": 0,
    "GameVersion": "0.3.3f15",
    "Dependence": 0.8125,
    "PurchaseableProducts": [
        "icecreamcrack"
    ],
    "ProductAffinities": [
        1.0,
        -0.44999998807907107,
        0.8600000143051148
    ],
    "TimeSinceLastDealCompleted": 4013,
    "TimeSinceLastDealOffered": 1913,
    "OfferedDeals": 22,
    "CompletedDeals": 18,
    "IsContractOffered": false,
    "OfferedContract": {
        "Payment": 0.0,
        "Products": {
            "entries": []
        },
        "DeliveryLocationGUID": "",
        "DeliveryWindow": {
            "IsEnabled": false,
            "WindowStartTime": 1200,
            "WindowEndTime": 1800
        },
        "Expires": false,
        "ExpiresAfter": 0,
        "PickupScheduleIndex": 0,
        "IsCounterOffer": false
    },
    "OfferedContractTime": {
        "elapsedDays": 45,
        "time": 2155
    },
    "TimeSincePlayerApproached": 1074165,
    "TimeSinceInstantDealOffered": 6921,
    "HasBeenRecommended": false
}