{
    "DataType": "CustomerData",
    "DataVersion": 0,
    "GameVersion": "0.3.3f15",
    "Dependence": 0.6624999642372131,
    "PurchaseableProducts": [
        "californiathunderfuck",
        "superthunderfuck"
    ],
    "ProductAffinities": [
        1.0,
        -0.44999998807907107,
        1.0
    ],
    "TimeSinceLastDealCompleted": 1299,
    "TimeSinceLastDealOffered": 1518,
    "OfferedDeals": 26,
    "CompletedDeals": 21,
    "IsContractOffered": false,
    "OfferedContract": {
        "Payment": 0.0,
        "Products": {
            "entries": []
        },
        "DeliveryLocationGUID": "",
        "DeliveryWindow": {
            "IsEnabled": false,
            "WindowStartTime": 1200,
            "WindowEndTime": 1800
        },
        "Expires": false,
        "ExpiresAfter": 0,
        "PickupScheduleIndex": 0,
        "IsCounterOffer": false
    },
    "OfferedContractTime": {
        "elapsedDays": 60,
        "time": 2155
    },
    "TimeSincePlayerApproached": 17023,
    "TimeSinceInstantDealOffered": 27830,
    "HasBeenRecommended": false
}