{
    "DataType": "CustomerData",
    "DataVersion": 0,
    "GameVersion": "0.3.3f15",
    "Dependence": 1.0,
    "PurchaseableProducts": [
        "icecreamcrack"
    ],
    "ProductAffinities": [
        1.0,
        -0.44999998807907107,
        0.8600000143051148
    ],
    "TimeSinceLastDealCompleted": 1276,
    "TimeSinceLastDealOffered": 576,
    "OfferedDeals": 21,
    "CompletedDeals": 18,
    "IsContractOffered": false,
    "OfferedContract": {
        "Payment": 0.0,
        "Products": {
            "entries": []
        },
        "DeliveryLocationGUID": "",
        "DeliveryWindow": {
            "IsEnabled": false,
            "WindowStartTime": 1200,
            "WindowEndTime": 1800
        },
        "Expires": false,
        "ExpiresAfter": 0,
        "PickupScheduleIndex": 0,
        "IsCounterOffer": false
    },
    "OfferedContractTime": {
        "elapsedDays": 44,
        "time": 2325
    },
    "TimeSincePlayerApproached": 1071428,
    "TimeSinceInstantDealOffered": 4184,
    "HasBeenRecommended": false
}