{
    "DataType": "CustomerData",
    "DataVersion": 0,
    "GameVersion": "0.3.3f15",
    "Dependence": 1.0,
    "PurchaseableProducts": [
        "californiathunderfuck"
    ],
    "ProductAffinities": [
        1.0,
        1.0,
        -0.257999986410141
    ],
    "TimeSinceLastDealCompleted": 529,
    "TimeSinceLastDealOffered": 630,
    "OfferedDeals": 49,
    "CompletedDeals": 53,
    "IsContractOffered": false,
    "OfferedContract": {
        "Payment": 0.0,
        "Products": {
            "entries": []
        },
        "DeliveryLocationGUID": "",
        "DeliveryWindow": {
            "IsEnabled": false,
            "WindowStartTime": 1200,
            "WindowEndTime": 1800
        },
        "Expires": false,
        "ExpiresAfter": 0,
        "PickupScheduleIndex": 0,
        "IsCounterOffer": false
    },
    "OfferedContractTime": {
        "elapsedDays": 61,
        "time": 1030
    },
    "TimeSincePlayerApproached": 59877,
    "TimeSinceInstantDealOffered": 22954,
    "HasBeenRecommended": false
}