{
    "DataType": "CustomerData",
    "DataVersion": 0,
    "GameVersion": "0.3.3f15",
    "Dependence": 1.0,
    "PurchaseableProducts": [
        "sweetexpress20",
        "deathrhino",
        "icecreamcrack",
        "sweetass"
    ],
    "ProductAffinities": [
        1.0,
        1.0,
        -0.40799999237060549
    ],
    "TimeSinceLastDealCompleted": 868,
    "TimeSinceLastDealOffered": 6322,
    "OfferedDeals": 33,
    "CompletedDeals": 37,
    "IsContractOffered": false,
    "OfferedContract": {
        "Payment": 0.0,
        "Products": {
            "entries": []
        },
        "DeliveryLocationGUID": "",
        "DeliveryWindow": {
            "IsEnabled": false,
            "WindowStartTime": 1200,
            "WindowEndTime": 1800
        },
        "Expires": false,
        "ExpiresAfter": 0,
        "PickupScheduleIndex": 0,
        "IsCounterOffer": false
    },
    "OfferedContractTime": {
        "elapsedDays": 41,
        "time": 1030
    },
    "TimeSincePlayerApproached": 36229,
    "TimeSinceInstantDealOffered": 67913,
    "HasBeenRecommended": false
}