{
    "DataType": "CustomerData",
    "DataVersion": 0,
    "GameVersion": "0.3.3f15",
    "Dependence": 1.0,
    "PurchaseableProducts": [
        "deathrhino",
        "icecreamcrack",
        "sweetass"
    ],
    "ProductAffinities": [
        1.0,
        1.0,
        -0.40799999237060549
    ],
    "TimeSinceLastDealCompleted": 645,
    "TimeSinceLastDealOffered": 766,
    "OfferedDeals": 36,
    "CompletedDeals": 40,
    "IsContractOffered": false,
    "OfferedContract": {
        "Payment": 0.0,
        "Products": {
            "entries": []
        },
        "DeliveryLocationGUID": "",
        "DeliveryWindow": {
            "IsEnabled": false,
            "WindowStartTime": 1200,
            "WindowEndTime": 1800
        },
        "Expires": false,
        "ExpiresAfter": 0,
        "PickupScheduleIndex": 0,
        "IsCounterOffer": false
    },
    "OfferedContractTime": {
        "elapsedDays": 47,
        "time": 1435
    },
    "TimeSincePlayerApproached": 38967,
    "TimeSinceInstantDealOffered": 2044,
    "HasBeenRecommended": false
}