{
    "DataType": "CustomerData",
    "DataVersion": 0,
    "GameVersion": "0.3.3f15",
    "Dependence": 0.8374999761581421,
    "PurchaseableProducts": [
        "californiathunderfuck",
        "superthunderfuck"
    ],
    "ProductAffinities": [
        1.0,
        1.0,
        0.030000001192092897
    ],
    "TimeSinceLastDealCompleted": 1222,
    "TimeSinceLastDealOffered": 1483,
    "OfferedDeals": 42,
    "CompletedDeals": 42,
    "IsContractOffered": false,
    "OfferedContract": {
        "Payment": 0.0,
        "Products": {
            "entries": []
        },
        "DeliveryLocationGUID": "",
        "DeliveryWindow": {
            "IsEnabled": false,
            "WindowStartTime": 1200,
            "WindowEndTime": 1800
        },
        "Expires": false,
        "ExpiresAfter": 0,
        "PickupScheduleIndex": 0,
        "IsCounterOffer": false
    },
    "OfferedContractTime": {
        "elapsedDays": 60,
        "time": 2230
    },
    "TimeSincePlayerApproached": 23016,
    "TimeSinceInstantDealOffered": 95074,
    "HasBeenRecommended": false
}