{
    "DataType": "CustomerData",
    "DataVersion": 0,
    "GameVersion": "0.3.3f15",
    "Dependence": 0.9375,
    "PurchaseableProducts": [
        "sweetexpress20",
        "icecreamcrack",
        "sweetass",
        "deathrhino"
    ],
    "ProductAffinities": [
        1.0,
        1.0,
        -0.27000001072883608
    ],
    "TimeSinceLastDealCompleted": 2061,
    "TimeSinceLastDealOffered": 3368,
    "OfferedDeals": 37,
    "CompletedDeals": 37,
    "IsContractOffered": false,
    "OfferedContract": {
        "Payment": 0.0,
        "Products": {
            "entries": []
        },
        "DeliveryLocationGUID": "",
        "DeliveryWindow": {
            "IsEnabled": false,
            "WindowStartTime": 1200,
            "WindowEndTime": 1800
        },
        "Expires": false,
        "ExpiresAfter": 0,
        "PickupScheduleIndex": 0,
        "IsCounterOffer": false
    },
    "OfferedContractTime": {
        "elapsedDays": 0,
        "time": 0
    },
    "TimeSincePlayerApproached": 2107,
    "TimeSinceInstantDealOffered": 74165,
    "HasBeenRecommended": false
}