{
    "DataType": "CustomerData",
    "DataVersion": 0,
    "GameVersion": "0.3.3f15",
    "Dependence": 0.612500011920929,
    "PurchaseableProducts": [
        "sweetexpress20",
        "icecreamcrack",
        "sweetass",
        "deathrhino"
    ],
    "ProductAffinities": [
        1.0,
        -0.6381111145019531,
        0.4453870952129364
    ],
    "TimeSinceLastDealCompleted": 3677,
    "TimeSinceLastDealOffered": 151,
    "OfferedDeals": 6,
    "CompletedDeals": 5,
    "IsContractOffered": true,
    "OfferedContract": {
        "Payment": 485.0,
        "Products": {
            "entries": [
                {
                    "ProductID": "sweetexpress20",
                    "Quality": 0,
                    "Quantity": 2
                }
            ]
        },
        "DeliveryLocationGUID": "e785a83a-e26b-45b9-9701-0e3f48a6cff5",
        "DeliveryWindow": {
            "IsEnabled": true,
            "WindowStartTime": 0,
            "WindowEndTime": 0
        },
        "Expires": true,
        "ExpiresAfter": 1,
        "PickupScheduleIndex": 0,
        "IsCounterOffer": false
    },
    "OfferedContractTime": {
        "elapsedDays": 48,
        "time": 1345
    },
    "TimeSincePlayerApproached": 857,
    "TimeSinceInstantDealOffered": 1074166,
    "HasBeenRecommended": false
}