{
    "DataType": "CustomerData",
    "DataVersion": 0,
    "GameVersion": "0.3.3f15",
    "Dependence": 1.0,
    "PurchaseableProducts": [
        "californiathunderfuck"
    ],
    "ProductAffinities": [
        1.0,
        -0.6381111145019531,
        0.8953870534896851
    ],
    "TimeSinceLastDealCompleted": 253,
    "TimeSinceLastDealOffered": 435,
    "OfferedDeals": 11,
    "CompletedDeals": 11,
    "IsContractOffered": false,
    "OfferedContract": {
        "Payment": 0.0,
        "Products": {
            "entries": []
        },
        "DeliveryLocationGUID": "",
        "DeliveryWindow": {
            "IsEnabled": false,
            "WindowStartTime": 1200,
            "WindowEndTime": 1800
        },
        "Expires": false,
        "ExpiresAfter": 0,
        "PickupScheduleIndex": 0,
        "IsCounterOffer": false
    },
    "OfferedContractTime": {
        "elapsedDays": 61,
        "time": 1345
    },
    "TimeSincePlayerApproached": 21767,
    "TimeSinceInstantDealOffered": 1095076,
    "HasBeenRecommended": false
}