{
    "DataType": "CustomerData",
    "DataVersion": 0,
    "GameVersion": "0.3.3f15",
    "Dependence": 0.800000011920929,
    "PurchaseableProducts": [
        "sweetexpress20",
        "icecreamcrack",
        "sweetass"
    ],
    "ProductAffinities": [
        1.0,
        -0.6381111145019531,
        0.4453870952129364
    ],
    "TimeSinceLastDealCompleted": 939,
    "TimeSinceLastDealOffered": 1156,
    "OfferedDeals": 2,
    "CompletedDeals": 5,
    "IsContractOffered": false,
    "OfferedContract": {
        "Payment": 0.0,
        "Products": {
            "entries": []
        },
        "DeliveryLocationGUID": "",
        "DeliveryWindow": {
            "IsEnabled": false,
            "WindowStartTime": 1200,
            "WindowEndTime": 1800
        },
        "Expires": false,
        "ExpiresAfter": 0,
        "PickupScheduleIndex": 0,
        "IsCounterOffer": false
    },
    "OfferedContractTime": {
        "elapsedDays": 44,
        "time": 1345
    },
    "TimeSincePlayerApproached": 1071428,
    "TimeSinceInstantDealOffered": 1071428,
    "HasBeenRecommended": false
}