{
    "DataType": "CustomerData",
    "DataVersion": 0,
    "GameVersion": "0.3.3f15",
    "Dependence": 0.637499988079071,
    "PurchaseableProducts": [
        "californiathunderfuck",
        "superthunderfuck"
    ],
    "ProductAffinities": [
        1.0,
        1.0,
        -0.06930753588676453
    ],
    "TimeSinceLastDealCompleted": 1355,
    "TimeSinceLastDealOffered": 1393,
    "OfferedDeals": 25,
    "CompletedDeals": 28,
    "IsContractOffered": false,
    "OfferedContract": {
        "Payment": 0.0,
        "Products": {
            "entries": []
        },
        "DeliveryLocationGUID": "",
        "DeliveryWindow": {
            "IsEnabled": false,
            "WindowStartTime": 1200,
            "WindowEndTime": 1800
        },
        "Expires": false,
        "ExpiresAfter": 0,
        "PickupScheduleIndex": 0,
        "IsCounterOffer": false
    },
    "OfferedContractTime": {
        "elapsedDays": 61,
        "time": 0
    },
    "TimeSincePlayerApproached": 1095076,
    "TimeSinceInstantDealOffered": 22430,
    "HasBeenRecommended": false
}