{
    "Items": [
        "{\"DataType\":\"CashData\",\"DataVersion\":0,\"GameVersion\":\"0.3.3f15\",\"ID\":\"cash\",\"Quantity\":1,\"CashBalance\":10.0}",
        "{\"DataType\":\"ItemData\",\"DataVersion\":0,\"GameVersion\":\"0.3.3f15\",\"ID\":\"energydrink\",\"Quantity\":1}",
        "{\"DataType\":\"ItemData\",\"DataVersion\":0,\"GameVersion\":\"0.3.3f15\",\"ID\":\"\",\"Quantity\":0}",
        "{\"DataType\":\"ItemData\",\"DataVersion\":0,\"GameVersion\":\"0.3.3f15\",\"ID\":\"\",\"Quantity\":0}",
        "{\"DataType\":\"ItemData\",\"DataVersion\":0,\"GameVersion\":\"0.3.3f15\",\"ID\":\"\",\"Quantity\":0}"
    ]
}