{
    "DataType": "CustomerData",
    "DataVersion": 0,
    "GameVersion": "0.3.3f15",
    "Dependence": 1.0,
    "PurchaseableProducts": [
        "californiathunderfuck"
    ],
    "ProductAffinities": [
        1.0,
        0.5700000524520874,
        0.9099999666213989
    ],
    "TimeSinceLastDealCompleted": 147,
    "TimeSinceLastDealOffered": 200,
    "OfferedDeals": 44,
    "CompletedDeals": 40,
    "IsContractOffered": false,
    "OfferedContract": {
        "Payment": 0.0,
        "Products": {
            "entries": []
        },
        "DeliveryLocationGUID": "",
        "DeliveryWindow": {
            "IsEnabled": false,
            "WindowStartTime": 1200,
            "WindowEndTime": 1800
        },
        "Expires": false,
        "ExpiresAfter": 0,
        "PickupScheduleIndex": 0,
        "IsCounterOffer": false
    },
    "OfferedContractTime": {
        "elapsedDays": 61,
        "time": 1740
    },
    "TimeSincePlayerApproached": 1095076,
    "TimeSinceInstantDealOffered": 1095076,
    "HasBeenRecommended": false
}